不吃肉真的能瘦吗？	可以的，我就是不吃肉，瘦了10斤	你减掉了多少公斤？	一个月瘦了4斤，还有5斤没减	3
嗯嗯，不说我了，说说你呗，你最近在干嘛呢？	我最近在忙着找工作呢!	不是我，是你。你最近在做什么？	我在一家广告公司做文案策划!	3
不太喜欢，你还是个知识青年，你喜欢看什么书？	我不喜欢看书，我喜欢看电影!	我不太喜欢。你还是个年轻的知识分子。你喜欢读什么书？	我喜欢读书，不喜欢读专业书!	2
那你是怎么喜欢上歌剧的？	因为喜欢，所以喜欢。	那你是怎么厌恶上歌剧的？	不喜欢就不喜欢呗，为什么要讨厌？	2
我比较喜欢宜家，我感觉宜家的东西比较多一点。	我也喜欢!	我更喜欢哪家店？	我也不知道，我都没去过!	2
我每天晚上都会跑步，你每天会走多长时间？	我一般都是晚上跑，早上起不来。	你通常什么时候跑步？	晚上8点到9点，早上6点到7点。	2
他在加班所以没有出去，你都是一个人去健身房吗？	对啊，我一般都是自己去的	他加班，所以没出去。你一个人去健身房了吗？	没有啊，我都是和朋友一起去的	3
对啊，你呢?你多大了?你的梦想是什么啊？	我今年24岁了，我的梦想就是希望我的家人身体健康!	是的，你呢？你多大了？你的梦想是什么？	我今年25岁了，梦想是做一名医生，在医院工作!	1
我是山东人，家在青岛，离海边就10分钟路程。	我也是山东的，家在烟台。	你知道我的家在哪里吗？	不知道，你告诉我吧。	1
我是一个14岁的男孩儿。	好吧，那我比你大。	你知道我多大了吗？	不知道，我只知道你比我大。	1
你平常喜欢出去吗？	喜欢啊，很喜欢啊!	你通常喜欢出去吗？	我不喜欢，我很少出去。	2
但是我今年都已经40岁了。	40岁的人，应该有一颗年轻的心!	你知道我多大了吗？	不知道，我只知道你很年轻!	1
那你工作多久了啊？	快一年了吧，你呢？	你工作多久了？	我工作两年了，现在在一家外企上班。	3
是啊，你也想做摄影师吗？	对啊!我也想去学摄影!	是啊，你也不想当摄影师吗？	不想啊!我只是喜欢拍照而已!	2
我还喜欢自驾游，我去过很多地方，除了西藏上基本上都去过，不过都是我自己一个人去的。	我也喜欢一个人自驾游!	你知道我唯一没去过的地方是什么吗？	不知道!	3
我现在还没有工作，我18岁的时候就辍学了。	那你现在在做什么？	你知道我什么时候辍学的吗？	我不知道，你知道吗？	3
你多大了，还没有男朋友？	我23了，没男朋友，你有吗？	你多大了？	我25了，你呢？	1
我也很喜欢摇滚乐，我最喜欢的乐队是滚石乐队。	我也喜欢滚石!	你知道我最喜欢的乐队是什么吗？	不知道!	2
我也喜欢看这本书，我特别喜欢里面的孙少安。	我也是，很喜欢这本书!	你知道这本书中我特别喜欢谁吗？	不知道，你说说看!	2
可以的，你现在学的是什么专业啊？	汉语言文学，你呢？	是的，你现在主修什么？	我现在在学商务英语，你呢	1
还好还好，对了，还没有正式介绍，我叫王楠，今年三十岁，你呢？	我叫王佳，今年二十一岁。	王佳多大了？	今年刚满十八岁，明年就要上大学了。	1
我喜欢听周深的音乐，因为我觉得他可能把我带入。	我也喜欢周深的歌!	你知道我认为谁的音乐能把我带到这个世界上来吗？	不知道，你说说看!	2
你之前有过工作经验吗？	没有啊，我只是在网上投了简历	你以前有工作经验吗？	有啊，不过不是这个专业的	1
我喜欢在电视上看周杰伦的演唱会。	我也喜欢!	你知道我喜欢看谁的音乐会吗？	不知道，你喜欢听谁的歌？	2
我在玩英雄联盟，这是我最喜欢的电脑游戏。	你在哪个区？	你知道我最喜欢的电脑游戏是什么吗？	不知道。	2
好的，谢谢你哦，你今年多大了？	我今年25岁了，你呢？	你多大了？	我今年23岁了，刚过完生日。	1
你是已经退休了吗？	没有啊，我还没毕业呢!	你不是要退休吗？	是啊，我已经毕业了!	3
我25岁，大学毕业两年了	我也是，不过我是89年的，你呢？	你知道我多大了吗？	不知道，你多大了？	1
我很喜欢听李荣浩唱的歌。	我也喜欢!	你知道我喜欢听谁的歌吗？	不知道!	2
我有两个孩子，一个两岁，一个六岁，都是需要照顾的。	你有孩子了？	你知道我有几个孩子吗？	不知道。	1
那你男朋友没跟你求婚啊？	没有啊!他说他不想结婚!	呦呵	他说他想结婚，我也不知道是不是真的	0
好吧，那你岂不是每天都很无聊？	是啊，无聊的时候可以找我聊聊天啊!	好吧，那你岂不是每天都很有趣？	是啊，有趣的灵魂万里挑一!	3
真好，大学生活是很精彩的，你一定交了很多朋友吧？	没有，只有几个好朋友。	真好，大学过活是很精彩的，你一定交了很多友人吧？	没有，我一个都没交到。	1
我是一个退休的计算机程序员，你呢？	我也是，你是做什么的？	我是一名退休的计算机程序员。你呢？	我是个设计师，在一家杂志社工作。	1
我是二十八结婚的，你不认为三十之后结婚有点晚吗？	我也是28结婚的。	你几岁结婚的？	我不知道，我没结过婚。	3
我是十多年前从日本回来的，现在在一所高中教书。	哇塞，好厉害!那你现在在做什么呢？	你知道我从哪里来吗？	不知道啊，你是做什么的呢？	3
我喜欢读书呀，我最喜欢读的书是简·奥斯汀写的傲慢与偏见，写的太好了。	我也喜欢看书，最近在看《亲爱的安德烈》	你知道《傲慢与偏见》的作者叫什么名字吗？	不知道，没看过	0
你是一个很有理想的人，那你住员工宿舍吗？	不住啊，我还没毕业呢!	你是一个很有雄心的人物，那你住员工公寓楼吗？	住啊，不过我住的地方离公司很远。	1
我喜欢晚上跑步	我也喜欢，可是我跑不起来	你知道我每天什么时候跑步吗？	不知道，我一般都是晚上跑	3
我比较喜欢冬天，我感觉冬天能堆雪人，能滑雪。	我也喜欢!冬天的雪景太美了!	你知道我更喜欢什么季节吗？	不知道!但是我喜欢夏天!	2
还是挺忙的，你是做什么的？	我是做销售的，你呢？	仍然很忙。你是做什么的？	我是做通信行业的，你也是吗？	1
我都35岁了，看不出来吧，我儿子都18岁了。	你儿子都这么大了？	你知道我儿子多大了吗？	不知道，我只知道你比我大	1
那你平时业余时间多吗？	挺多的，不过我一般都是晚上和周末。	除了晚上，你通常还有什么时间？	我基本上每天都有时间，你呢？	1
我是依兰县的，不过我希望能住在哈尔滨。	那你来找我吧，我带你去吃好吃的	你知道我是哪里人吗？	不知道啊，你是哪里的？	1
我收到了，那您贵姓呀？	我姓陈，你呢？	我收到了，那您尊姓呀？	我姓王，你是哪儿的人？	1
你又在博物馆工作，又喜欢读书，那你应该不会有很多朋友吧？	还好吧，不过我比较喜欢一个人呆着。	你在博物馆工作，喜欢读书，你有很多朋友？	是啊，我有很多好朋友。	1
哇那你今年几岁了啊？	我今年23了，老了老了!	你多大了？	我是89年的，你呢？	1
不好意思，我没有养猫，你养猫吗？	我也没有养，不过我喜欢猫咪!	对不起，我没有猫。你有猫吗？	我有猫，不过不是你那种类型的!	1
你很喜欢打乒乓球吗？	是啊，我很喜欢乒乓球的!	你很讨厌打乒乓球吗？	是啊，很不喜欢!	2
你好，还没睡吗？	还没呢!你也还没睡啊!	你好，还没醒吗？	醒了!你呢？	3
那还挺好的，你是合租还是自己住？	合租的，我现在住的房子是两室一厅	这房子有多少间卧室？	一室一厅一厨一卫	1
难道你也喜欢听摇滚乐吗？	喜欢啊，你呢？	你也不喜欢听摇滚乐吗？	不喜欢，我不喜欢摇滚。	2
我是十多年前从日本回来的，现在在一所高中教书。	哇塞，好厉害!那你现在在做什么呢？	你知道我从哪里来吗？	不知道啊，你在哪里教书呢？	3
我是做同声传译的，我会说三种语言，所以一直很忙	我也是做同传的，你在哪个城市？	你知道我能说多少种语言吗？	不知道，我只知道你在北京	1
嘿嘿，你现在不用工作吗？	要啊，我现在在做自己喜欢的事!	嘿，嘿，你现在不需要工作吗？	不需要了，我已经辞职了!	1
我最喜欢吃炒面，中午吃的就是炒面。	我也喜欢!	你知道我什么时候吃炒面吗？	不知道!	3
你不用出去工作吗？	要啊，这个月底就回去了	你什么时候回去？	不知道啊，还没定呢	3
我最喜欢绣东西了，这幅十字绣我已经绣了将近两个月了。	你有耐心，我很佩服你!	你知道我绣这十字绣花了多少个月吗？	不知道，我不知道你绣了多久。	3
油画，我平时最喜欢就是上美术史课，那你平时喜欢干什么啊？	我喜欢看书，画画，看电影，看书	油画是我艺术史上最喜欢的课程。你通常不喜欢做什么？	不喜欢画画，因为画的不好!	2
我喜欢听周深的音乐，因为我觉得他可能把我带入。	我也喜欢周深的歌!	你知道我认为谁的音乐能把我带到这个世界上来吗？	不知道，我只知道我喜欢的人	2
我今年已经四岁了。	我今年也四岁了，你呢？	你知道我四岁是什么时候吗？	不知道，我只知道我三岁了	1
我两岁的时候就开始学了。	那你现在是在干嘛？	你知道我什么时候开始学习的吗？	我不知道，我只知道你在干嘛!	3
我家在河南，你是哪里的呢？	我是河北的，你呢？	我的家在河南。你从哪里来的？	我是河南的，现在在北京!	1
我是山东呢，你是哪里的呀？	我是河北的，你呢？	你是哪里人？	我是山西的，现在在北京工作!	1
我25岁，大学毕业两年了	我也是，不过我是89年的，你呢？	你知道我多大了吗？	不知道，我只知道你比我大	1
那你是学生还是上班族啊？	我是学生，不过我在北京，你呢？	你是哪里人？	北京的，现在在北京工作，你呢	1
我拍下来好多那，你要看吗？	我要看你拍的!	我拍了很多照片。你不想看吗？	不想看!	2
你养了一只猫呀？	对呀，养了快两年了	有多少年了？	快十年了吧，也许是上辈子的事了	1
我今年已经十九岁了。	我今年也十九岁啦!	你知道我多大了吗？	不知道，我只知道你比我大。	1
是嘛，那你工作是啥啊？	我在一家互联网公司上班，你呢？	是嘛，那你劳作是啥啊？	我劳作的话，应该是搬砖吧!	1
我是二十八结婚的，你不认为三十之后结婚有点晚吗？	我也是28结婚的。	你几岁结婚的？	我还没结婚，只是有了孩子。	3
行啊，那你是哪里的啊？	我是上海的，你呢？	你是哪里人？	我是浙江人，在上海工作!	1
保安老哥你好啊，你平时喜欢做什么啊？	我喜欢睡觉，你呢？	保安老哥你好啊，你平时讨厌做什么啊？	我讨厌睡觉，不喜欢睡懒觉!	2
你家孩子多大了？	我还没结婚呢!	你的孩子多大了？	我的孩子已经两岁多了!	1
这么厉害啊，那你应该见过很多的明星吧？	没有啊，我就见过一个，还有一个是我同学	这么厉害啊，那你可能见过很多的明星吧？	嗯嗯，还好吧!	3
我刚刚下班，刚刚忙完，你去干什么了？	我去看了电影，然后逛了街。	我刚刚下班，刚刚忙完，你来干什么了？	我在看电影，你在干什么？	3
嗨，你是干什么的啊？	我是个记者，你呢？	嘿，你是做什么的？	我是个摄影师	1
风景好看的吧，你有什么推荐的吗？	我也不知道，我也是第一次来。	你第一次来这里是什么时候？	我是去年八月份来的。	3
你是家就在北京吗？	是的，家在北京，现在在北京工作	你不是北京人吗？	不是，只是在北京上学而已	1
我今年13岁了，还在上初中呢。	那你也是我的同龄人啊!	我13岁是什么时候？	不知道啊!你几岁啊？	1
我是女生哦，你肯定是男生吧？	我是男的，你是女的？	我是女生哦，你肯定是女生吧？	我当然是女生，你是男的吧？	1
是的，你喜欢做什么呢？	我喜欢看书，看电影，听音乐，	是的，你喜欢做什么？	我喜欢睡觉，不喜欢工作!	2
我喜欢每个周末去农贸市场逛逛。	我也喜欢!	你知道我什么时候去农贸市场吗？	我不知道，我也不知道!	2
我还在上高中呢，我才15岁。	你可以叫我姐姐，我是姐姐!	你知道我多大了吗？	不知道，反正比我大就对了!	1
我就不行，我也就周末喜欢去骑骑自行车。	那你来找我吧!	你知道我喜欢什么时候骑自行车吗？	不知道，我也不知道!	2
你好呀，你平时喜欢游泳吗？	喜欢啊，不过最近没怎么游了	你好呀，你平时讨厌游泳吗？	不讨厌啊，只是不会游而已	1
我也喜欢，但我读的慢，一周才读三本书。	我也是啊，一周一本的速度	我一周读多少本书？	我也不知道，看心情吧	0
你呢，也很闲吗？	是啊!每天都很闲!你呢？	你呢，也很忙吗？	是啊!忙的时候忙死，闲的时候闲死!	3
你们去了哪里旅行啊？	我在杭州，他在上海。	他在哪里？	杭州啊，他在杭州工作，我在上海工作。	3
不过我的丈夫去年出车祸去世了，我现在是个寡妇。	你丈夫是个什么样的人？	你知道我丈夫什么时候死的吗？	不知道。	3
你去哪里了啊？	我在广州啊!你在哪里啊？	你所在的城市在哪里？	我在深圳啊!你呢？	1
是的，你平时喜不喜欢出去玩啊？	喜欢啊，当然喜欢!	是的，你平时不喜欢出去吗？	不喜欢，我喜欢宅在家里!	2
那你空闲时间都喜欢做什么啊？	看书，看电影，睡觉，看书，睡觉	那你空闲时间都厌烦做什么啊？	不知道啊，我只知道我不喜欢睡觉	2
我住在上海的，你住在哪里呢？	我住在浦东，你呢？	你住在哪里？	我住在西二旗这边，你呢	1
你住的地方离你的公司很远吗？	不远，就在我家附近。	你不是住得离公司很远吗？	我住的离公司也很远。	1
你正在做什么呢？	我在看书，你呢？	你在做什么？	我在看电视	3
不太喜欢，你还是个知识青年，你喜欢看什么书？	我不喜欢看书，我喜欢看电影!	我不太喜欢。你还是个年轻的知识分子。你喜欢读什么书？	我喜欢的书很杂，你呢？	2
我没什么爱好，我很喜欢狗，我有两只狗。	我也喜欢狗!	你知道我有几条狗吗？	不知道!	1
我一般喜欢在周末的时候和家人开车出去玩，呼吸一下新鲜空气，放松一下身心。	我也喜欢!	你知道我通常什么时候和家人一起开车出去吗？	不知道!	3
你每次跑步都跑几公里呀？	五公里左右，最近没跑了	你每次跑多少公里？	最近一次是五公里，之前都是六公里	3
中国的四大名著你都看过吗？	看过一点，没看完。	你看过中国四大名著吗？	没有，我只知道四大名着。	3
你今年大几啊？	大二了，快毕业了，你呢？	高中第一年是哪一年？	我是09年毕业的，你呢	3
我都35岁了，看不出来吧，我儿子都18岁了。	你儿子都这么大了？	你知道我儿子多大了吗？	不知道，你怎么知道的？	1
那你一周是只休息一天吗？	对啊，我只有周末有时间	你什么时候有时间做？	这个就不知道了，我也不知道	3
我是从北大毕业的，就是说我是一名国家栋梁。	你是哪个学校毕业的？	你知道我在哪里毕业的吗？	不知道。	1
你现在成绩怎么样，能考上心仪的大学吗？	我现在的成绩还不知道，不过我会努力的!	你现在的成绩怎么样？你能去你最喜欢的大学吗？	我已经毕业了，现在在一家很不错的公司上班!	1
你也喜欢喝咖啡啊？	是啊，我喜欢喝黑咖啡	你也讨厌喝咖啡啊？	是啊，不喜欢喝。	2
对啊，还是找熟悉的工作吧，你是做什么的啊？	我是做销售的，你呢？	是的，你最好找一份熟悉的工作。你是做什么的？	我是做平面设计的，呵呵!	1
我的两个孩子就快要十岁了。	你有孩子了吗？	你知道我的两个孩子多大了吗？	我不知道，你知道吗？	1
也一般般啦，我也很喜欢看篮球比赛啊，你是看的NBA吗？	是啊，看的就是这个！	我也喜欢看篮球比赛。你看NBA吗？	不看，我不喜欢看球赛!	2
可能这跟孩子的天性有关系吧，孩子更喜欢自由自在的感觉，那你经常带他们出去旅游吗？	我不知道，我也是第一次带孩子出去玩。	你带孩子们出去了多少次？	一个月一次，每次一小时。	3
你可真会说，你多大了呀？	我24了，你呢？	你真的可以说，你多大了？	我不知道，我只知道我的年龄是秘密	1
原来如此，我有一个孩子，他也喜欢吃火锅，对了，你多大了？	我是女的，27了。你呢？	女人的年龄是多少？	我不知道，我只知道我是男的。	1
我是个室内设计师，客户一般晚上才有空，需要随时联系客户的。	好的，谢谢!	你知道顾客通常什么时候有空吗？	不知道，我也是刚毕业的学生。	0
那很好呀，那你有什么方向了吗？	没有方向，也不知道自己想做什么。	那很好。你没有方向吗？	有啊，只是不知道能做什么	2
我是上海人，你多大了呀？	我也是上海的，你呢？	你是哪里人？	我是浙江人，在上海工作!	1
你好，请问你看到这个东方明珠有什么感觉呀？	还没去过，不知道啊!	您好，你觉得这个东方明珠怎么样？	还行吧!挺漂亮的!	3
当然可以，你后天有时间吗？	有啊，我明天下午就回去了，你呢？	你什么时候回来？	我还不知道，应该是后天吧!	3
我是上海的，我男朋友是北京人。	我也是上海人，我男友也是北京的	你知道我男朋友是哪里人吗？	不知道，你男朋友哪里人？	1
喜欢啊，你也喜欢看网球？	是啊，我喜欢看球赛!	是的，你也不喜欢看网球吗？	是啊，不喜欢!	2
我是河南人，你哪里的？	我是河北的，你呢？	我来自河南。你从哪里来的？	河南的，你是哪里人？	1
我可以问一下，你是做什么工作的吗？	我是做平面设计的，你呢？	请问你是做什么的？	我是做室内设计的。	1
你是干什么工作的呀，这么早就下班了？	我是做平面设计的，今天是最后一天上班了。	你工作的最后一天是什么时候？	今天是第一天，明天就不知道了。	3
不错呀，你非常喜欢看这种电影吗？	是的，很喜欢!	不错呀，你非常讨厌看这种电影吗？	是的，我不喜欢。	2
我是甘肃的，你呢？	我是四川的，你也是吗？	哦哦	你是哪里人？	1
那你这个服装店是自己看还是有员工帮你看？	自己看的!	你是一个人看这家服装店还是有员工帮你看？	都有!	0
我连着这几年每年7月的时候都会来马德里，而且我也会去别的国家啊，我喜欢这些异国的人文。	马德里是个好地方!	你知道每年7月我都去哪个城市吗？	不知道啊，你要去哪儿？	3
你工作几年了呀？	两年多了，你呢？	多少年了？	快五年了，你现在在做什么工作？	3
我今年已经20了，你还在上学吗？	对啊，我也是20了!	你多大了？	我是90年的，你呢？	1
你现在还在上学，还是已经毕业工作了？	工作了，你呢？	你还在上学，还是已经毕业并工作了？	我还在读书，明年才毕业!	1
不过我会更喜欢冬天，冬天躺在暖和和的被窝睡觉也很舒服的。	我也喜欢!可是冬天太冷了!	你知道我喜欢什么季节睡觉吗？	不知道!	2
你是业余时间都会去健身房锻炼吗？	不是啊，我都是周末去的。	你通常什么时候去？	我一般都是晚上去，早上起不来。	3
你很喜欢春天吗？	我喜欢夏天!	你喜欢什么样的天气？	我喜欢冬天，夏天太热了!	2
当然可以，你今年多大了？	我今年24岁了，你呢？	当然你今年几岁？	我今年刚满十八岁，怎么了？	1
我的猫叫敦敦，敦实的敦，很喜欢认识新朋友，是个小母猫。	我的猫也叫敦敦	你知道我的猫叫什么名字吗？	不知道啊，你的猫是公的还是母的？	1
那你今天怎么不去训练呢？	我今天没去训练啊!	你什么时候去训练的？	今天早上啊，你没看到我吗？	3
你喜欢姜文的电影吗？	喜欢啊，他的电影我都喜欢	你不喜欢姜文的电影吗？	不喜欢，我喜欢看他的书	2
好像是吧，那你是干什么工作的呀？	我是做销售的，你呢？	似乎是这样。你是做什么的？	我是做外贸的，你在哪个城市？	1
我不太喜欢运动，我最喜欢唱歌，我最喜欢的乐队是滚石乐队。	我也喜欢摇滚，你喜欢哪个乐队？	你知道我最喜欢的乐队是什么吗？	不知道，你说说看。	2
我喜欢运动我每天跑一千米。	我也喜欢跑步，可是我跑不起来	你知道一个人每天跑多少公里吗？	不知道，我一般都是一个人跑	3
旺季的时候会很忙，你有来过海口吗？	没有，我只去过三亚，海口没去过	你只去过哪个城市？	海口，三亚，三亚都去过了	3
当然可以，我很喜欢交朋友的，你多大呢？	我是88年的，你呢？	你多大了？	我是89年的，不过我是男的!	1
你好，我现在是实习生，你工作了吗？	我还没毕业呢!	你好，我现在是实习生。你失业了吗？	我失业了!你在哪儿呢？	1
我是个孤儿，我现在在北京生活，可不就是地地道道的北京人。	我也是个地道北京人，我也在北京	你知道一个不折不扣的北京人是什么意思吗？	不知道，我只知道我是个外地人	1
你说的对，你是做什么的呀？	我是做外贸的，你呢？	你说得对。你是做什么的？	我是做销售的，呵呵!	1
我今年13岁了，还在上初中呢。	那你也是我的同龄人啊!	我13岁是什么时候？	你13岁的时候我还没出生呢!	1
我不喜欢唱歌，但我喜欢听歌，你在唱谁的歌啊？	我也不知道我在唱什么。	我不喜欢唱歌，但我喜欢听歌曲。你在唱谁的歌？	我在唱我自己的歌。	3
我是住在洛阳，离得不是很远啊。	我也在洛阳啊!	你知道我住在哪里吗？	不知道啊!	1
哇，好棒呀你，那你会这些乐器吗？	我会弹吉他，钢琴，吉他，尤克里里	你能演奏什么乐器？	吉他，吉他是我唯一会的乐器	1
你为什么压力那么大啊，是发生什么事情了吗？	没有啦，只是有些事情想不通而已。	你为什么压力这么大？怎么搞的？	我也不知道，可能是压力太大了吧。	3
食疗还有药物治疗，慢慢来吧，急不得，夏天你是不是就不怎么出门儿了？	是啊，夏天就不出门了。	你什么季节不出去？	冬天啊，最冷的时候都不出门。	3
你怎么生病了呢？	我也不知道，昨天晚上突然就发烧了。	你什么时候发烧的？	昨天下午，一直到今天早上都在发烧。	3
我是一名会计，你上班了吗？	我也是会计，上班了，你呢？	我是会计。你去上班了吗？	我还没呢，你在哪个城市？	3
我是一名翻译官，我会说三种语言了。	那你会说英语吗？	我能说多少种语言？	那你会什么语言呢？	1
我最喜欢听毛不易的歌，我最喜欢他了。	我也是!超级喜欢他的歌!	你知道我喜欢谁的歌吗？	不知道啊，我只知道你喜欢毛不易	2
好啊，你有什么爱好吗？	我喜欢看书，看电影，看书!	好的，你没有什么爱好吗？	没有，我喜欢睡觉!	2
我想开家里的车进行一次自驾游，你喜欢什么旅游方式？	自驾游啊，我喜欢自驾游!	我想开我家的车去自驾旅行。你不喜欢什么样的旅行？	我不喜欢开车，太危险了!	2
风景好看的吧，你有什么推荐的吗？	我也不知道，我也是第一次来。	你第一次来这里是什么时候？	这里是我的家，我住在这里。	1
你在旅馆做前台吗？	不是啊，我在旅馆上班啊!	你在酒店做接待员吗？	是啊，你也是吗？	1
你每天都会出去晨跑吗？	我一般都是晚上跑，早上不跑。	你通常什么时候跑步？	晚上11点左右，早上6点左右。	3
对，我挺喜欢安静，还没有自我介绍，我叫张红，你叫什么？	我叫王红，你呢？	你叫什么名字？	我叫王小凤，是这里的常客!	1
我是在北京上大学呢。	哦，好吧，你是北京哪个学校的？	你知道我在哪里上的大学吗？	不知道啊，所以才问你啊!	1
因为我买的是一辆本田，看起来还挺好的。	我也是本田车主，不过我更喜欢宝马	你知道我买了什么车吗？	不知道，你买的什么车？	1
那你最喜欢哪个球队打球呀？	我最喜欢的球队是ac米兰!	你最不喜欢哪个队？	米兰!不喜欢他们的风格!	2
我觉得我成绩已经算不错了，我是一个后卫，去年进了128次球。	你在哪个队？	你知道去年我进了多少球吗？	我不知道，我只知道你是个后卫	3
嗯嗯，你喜欢钓鱼吗？	喜欢啊，钓鱼很好玩的	你喜欢钓鱼吗？	不喜欢，我喜欢看别人钓鱼	2
那你每天不工作岂不是很无聊呀？	是的，我已经在工作了。	那你每天不工作岂不是很有趣呀？	是的，所以我辞职了。	2
哈哈我还是学生呢，我是医学院的学生。	好吧，我以为你是学妹呢!	你知道我上的是什么样的大学吗？	不知道，我只知道你是学姐!	1
早上好，你这是要去哪里吗？	早上好!我要去上班了!	早上好你要去哪里？	我要去找我的女朋友!	3
看过不太喜欢，我喜欢看喜剧类型的，你喜欢看什么类型的？	喜剧的话我比较喜欢看爱情喜剧，喜剧比较少看	看过不太喜欢，我喜欢看喜剧类型的，你讨厌看什么类型的？	喜剧类的都不喜欢，不知道为什么	2
我妈说我都快26岁了，还没个男朋友，就拉着我各种相亲。	我也是26了，还没有男朋友。	你知道我被带去相亲的时候多大了吗？	不知道啊，你多大了？	1
那你去的话多拍点欧洲的照片，欧洲的风景，欧洲的美食，让我们开开眼界呀怎么样？	好啊好啊，我还没去过欧洲呢!	你从没去过哪个国家？	意大利，荷兰，比利时，法国，瑞士，瑞士。	3
嘿嘿，那当然啦，我很喜欢动物的，你喜欢吗？	我喜欢狗，不喜欢猫!	嘿嘿，那当然啦，我很喜欢动物的，你厌恶吗？	我不喜欢!但是也不讨厌!	2
你是很喜欢网购吗？	是的，我是网购达人!	你是很讨厌网购吗？	不是讨厌，只是不喜欢!	2
我是在一家酒吧工作的，都是下午四点上班。	那你可以来找我啊!	你知道我什么时候工作吗？	不知道啊!	1
真不错，你今年多大了呀？	我今年25岁了，你呢？	太好了。你今年几岁？	我今年22岁了，比你大一岁。	1
我是山东青岛的。	我也是青岛的!	你知道青岛在哪个省吗？	不知道啊!	0
那你们是异地恋吗？	不是，他在北京，我也在北京。	你在哪里？	他在上海，我在深圳。	1
我就不行，我也就周末喜欢去骑骑自行车。	那你来找我吧!	你知道我喜欢什么时候骑自行车吗？	不知道，我只知道你喜欢我	2
我喜欢读书，我最喜欢的书是简·奥斯汀的《傲慢与偏见》。	我也喜欢这本书!	你知道我最喜欢的书是什么吗？	不知道，你说说看!	2
你是做什么工作的啊，你的工作每天都很轻松吗？	我是做销售的，每天都是忙里偷闲。	你是做什么的？你的工作每天都轻松吗？	我是销售助理，每天工作很轻松。	1
我在一家工厂上班，你呢？	我在北京，你在哪个城市？	你在哪个城市？	我在天津，你在北京哪个地方？	1
我今年21岁现在在上大学呢。	我也是21岁上的大学!	你知道我什么时候上大学吗？	不知道!	3
我今年13岁了，还在上初中呢。	那你也是我的同龄人啊!	我13岁是什么时候？	你不是已经成年了吗？	1
我17岁了	我也17了，你多大了？	你知道我多大了吗？	不知道，你告诉我吧!	1
我18了，你应该跟我差不多大吧？	我也18了。你多大？	你多大了？	我比你小一岁。你呢？	1
我最喜欢的乐队是盘尼西林，他们的作品太符合我的胃口了，我简直是太喜欢了。	我也是!超级喜欢他们!	我最喜欢的乐队是什么？	我也不知道!	2
我的儿子今年18岁，刚刚去部队。	哦，是吗？那真是太好了!	你知道我儿子多大了吗？	不知道，你告诉我吧。	1
我是学法律的，本科毕业后我又上了两年研究生，现在正在上研三呢	你是学什么专业的？	你知道我读了多少年研究生吗？	不知道，你是哪个学校的？	3
我是一名会计，我在一家金融公司上班，你呢？	我在银行上班，银行的信贷部。	你在银行的哪个部门工作？	信贷部，你是哪家银行的？	1
我是个男孩子啊，你有男朋友吗？	我是男的，我有女朋友!	对	你是男的还是女的？	1
我有两只猫，因为我的两个孩子都挺喜欢猫的。	我也喜欢猫!	我有多少只猫？	你有几只猫？你喜欢猫吗？	1
我还小呢，今年刚十岁。	我也是刚十岁，你多大了？	你知道现在是哪一年吗？	不知道，我只知道你比我大	1
我的儿子今年18岁，刚刚去部队。	哦，是吗？那真是太好了!	你知道我儿子多大了吗？	不知道，你有什么事吗？	1
嗯嗯，你喜欢爬山吗？	喜欢!爬山是我最喜欢的运动!	你不喜欢爬山吗？	不喜欢!但是我喜欢看风景!	2
真好啊，那你去过最远的是哪里？	最远的应该是海南岛吧!	哪座岛最远？	海南岛最远，因为我没去过!	3
那你的家人是不是被你养的胖乎乎呀？	我家人都是瘦子!	你把你的家人养得胖乎乎的吗？	对啊!我爸妈都是胖子!	1
我正好想找个男生聊天，我还在念大学呢，你工作了？	工作了，你哪个学校的？	我真的在找一个男孩聊天。我还在上大学。你工作过吗？	没有，我也在找人聊天。	1
我在读书，你喜欢读书吗？	喜欢啊，你在哪个学校？	我在看书。你喜欢读书吗？	我不喜欢，我喜欢睡觉	2
哦，怪不得呢，你是从小学习画画吗？	我是学画画的，不过不是美术生。	哦，难怪。你不是从小就学会画画吗？	我是学美术的，只是喜欢画画而已。	1
你还拍过电影吗？	拍过，不过都是老电影了。	你还拍过影片吗？	没有，我只是喜欢看电影而已。	3
嗨，今天天气不错呀，你们那里天气怎么样？	今天的天气很好，万里无云，万里晴空。	什么时候天气好？	这个嘛，你问我，我也不知道。	0
我的儿子都四岁了呢。	你的儿子？	你知道我儿子多大了吗？	不知道。	1
我叫琳琳，你是做什么工作的呀？	我是做销售的，你呢？	哇	你叫什么名字？	1
是啊，我比较喜欢读书，你也喜欢读书吗？	我喜欢看书，你呢？	是的，我更喜欢读书。你不喜欢读书吗？	不喜欢，我喜欢睡觉!	2
我是河南人。	好吧，我以为你是北京的呢!	我是哪里人？	你不是北京人吗？	1
我今年已经二十岁了，在上大学。	我知道，我的意思是，你来找我。	你知道我什么时候上大学吗？	不知道。	3
我今年刚成年，我是独生子女。	我也是独生女，你多大了？	你知道我什么时候才是成年人吗？	不知道，我也不知道。	1
你都不用去上班吗？	要啊，今天休息，明天上班!	你什么时候去上班？	不知道，等通知吧!	0
《阿甘正传》是我最喜欢的电影。	我也很喜欢!	你知道我最喜欢的电影是什么吗？	我不知道，你告诉我吧!	2
那你应该也会很多的乐器吧？	会的不多，不过我很喜欢唱歌。	那你也应该知道很多乐器？	我会的乐器可多了。	1
你是什么时候开始踢足球的呢？	小学三年级就开始踢了，现在都大学毕业了	你在几年级踢足球？	四年级，不过我已经毕业了。	3
嗯，你平常上班的时候是怎么去上班的呢？	我一般都是坐班车去的。	你通常怎么去上班？	我一般是坐公交去的，然后打车。	3
你喜欢王一博呀？	对呀对呀!超级喜欢他!	你喜欢王一博吗？	还行吧!不讨厌也不喜欢!	2
我两个儿子呢，都不到十岁，那你退休以前做什么工作啊？	我在一家汽车公司上班，现在是汽车销售部经理。	经理是哪个部门的？	我不知道，我只知道我在这里做过一段时间。	1
爸爸在我三岁的时候就出车祸离开了。	那你现在在哪儿呢？	你知道车祸发生时我多大了吗？	不知道。	1
我是学护理专业的，去年毕业，准备找一个对口的工作。	我也是学护士的，今年刚毕业。	你知道我什么时候毕业的吗？	不知道，你是哪个学校的？	3
那太好了，那你是做什么工作的呀？	我是做服装设计的，你呢？	那太好了，那你是做什么劳作的呀？	我是做平面设计的。	1
我是一名画家，我当画家都有5年了。	我也是画家，你在哪个画室？	你知道我当画家有多少年了吗？	不知道，我只知道你在画室	3
你家生活很困难吗？	是啊，不过我会努力的，谢谢你的关心!	你的家庭生活困难吗？	不困难，我家人都很好!	1
你是链家的房地产销售啊，那你平时有任务量吗？	没有，我是做销售的。	你是联佳的房地产销售人员。你通常有工作量吗？	我是做房地产的，不做销售。	1
没有，我和父母住在一起，你是学什么专业的啊？	我学的是建筑设计，你呢？	没有，我和爹妈住在一起，你是学什么专业的啊？	我学的建筑工程管理，你呢	1
那你喜欢德云社吗？	喜欢啊，特别喜欢!	那你讨厌德云社吗？	不讨厌，只是不喜欢他们的相声!	2
你看起来挺高的，有1米8吗？	没有，我只有1米5	有多少米？	一米八的身高，一米七的身材，一米五的脸	1
你在打工，这份工作不是长期的工作呀？	是啊，一直在打，不过这个月底就结束了	什么时候结束？	下个月中旬吧，你呢？	3
我还小呢，今年刚十岁。	我也是刚十岁，你多大了？	你知道现在是哪一年吗？	不知道，我也不知道我几岁	1
你见笑了，我还在上学呢，我没工作，你是做什么工作的呀？	我是做人事的，你呢？	你见笑了，我还在上学呢，我没劳作，你是做什么劳作的呀？	我是打杂的，打杂的!	1
你好可爱啊，你今年多大了呢？	我今年23了，你呢？	你多大了？	我今年24了，你应该比我大吧？	1
我今年二十岁。	我今年20岁，你今年几岁？	你知道我多大了吗？	不知道。	1
我今年34岁了，结婚好几年了，儿子都上三年级了。	哇塞，这么年轻就结婚了!	我什么时候有儿子？	你还没结婚，我怎么知道？	1
是不是要经常出差？	是的，这个月底就回去了	你什么时候回来？	下个月中旬吧，具体时间还没定	3
我会看电视，而且我喜欢看《新闻联播》和《天气预报》。	我也喜欢看新闻!	我喜欢看的新闻广播叫什么名字？	我也不知道!	2
你好，请问你看到这个东方明珠有什么感觉呀？	还没去过，不知道啊!	您好，你觉得这个东方明珠怎么样？	挺好的，我很喜欢!	3
我之前也试着种过花，可是最后都没活下来，你是有什么诀窍吗？	我也不知道啊!我也是第一次种!	我之前也试着种过花，可是最后都没活下来，你是有什么门路吗？	我还没试过种花呢!	2
那你喜欢看什么类型的电视剧呢？	我喜欢看破案的，不喜欢看古装剧	那你讨厌看什么类型的电视剧呢？	悬疑的，破案的都不喜欢!	2
我是男士，你多大了？	我是男的，你是女的？	咯	你是男的还是女的啊？	1
我喜欢周杰伦的音乐呢。	我也喜欢!	你知道我喜欢谁的音乐吗？	不知道，你说说看!	2
是吗?你们家的是什么狗呀？	中华田园犬!	不是吗？你养什么狗？	我养的是拉布拉多!	1
我很赞同你的说法，哎你今年多大了呀？	我今年24了，你呢？	你多大了？	我是90年的，比你大一岁!	1
我特别喜欢吃山东菜呢。	我也喜欢!	你知道我特别喜欢哪种食物吗？	我不知道，我也不知道!	2
你好，有没有兴趣和我们一起组队打篮球呀？	我不会打篮球，不过我可以和你们一起打篮球	你好，你有兴趣和我们一起打篮球吗？	好啊好啊，我喜欢打篮球!	2
的确是大的太多了，那你是做什么工作的？	我是做外贸的，你呢？	的确是大的太多了，那你是做什么劳作的？	我是做服务业的，呵呵!	1
你好，请问你看到这个东方明珠有什么感觉呀？	还没去过，不知道啊!	您好，你觉得这个东方明珠怎么样？	我觉得还可以啊!挺好看的!	3
你怎么去的呢？	坐火车去的，坐了一晚上!	你坐了多久？	坐了一个小时，玩了四个小时!	3
你好，我叫赵武，你叫什么名字？	我叫赵杰，你呢？	你好，我叫赵武。你叫什么名字？	我叫赵子龙，这是我的名片。	1
你有兴趣健身吗？	有啊，怎么了？	你对健身感兴趣吗？	我对健身不感兴趣，只是喜欢运动而已!	2
我在看我最喜欢的主持人何炅主持的快乐大本营呢。	我也是!最喜欢何炅!	你知道谁是我最喜欢的主持人吗？	不知道!	2
我喜欢万茜，我觉得她演技很好。	我也喜欢她!	你知道我喜欢谁吗？	不知道，你喜欢谁？	2
那你是大学生吗？	是的，我是大二的，你呢？	你上的那门课叫什么名字？	我没上过课，不过我知道你是谁。	3
那你要多注意休息啊，你今年多大了呀？	我今年21了，你呢？	你多大了？	我今年刚满20岁，你呢	1
你的业余时间还不少呢，你是做什么的呀？	我是学生，我在北京，你呢？	你是哪里人？	我是河北人，现在在北京工作!	1
那你一周是只休息一天吗？	对啊，我只有周末有时间	你什么时候有时间做？	周一到周五都有时间，周六周日全天	3
是呀，那你有什么喜欢做的事情吗？	我喜欢看书，看电影，看书。	是呀，那你有什么喜欢做的事吗？	我喜欢睡觉。	2
哦，我还以为你还在上学，那你是做什么工作的呢？	我在一家房地产公司做文案策划，你呢？	哦，我还以为你还在上学，那你是做什么劳作的呢？	我是做平面设计的，你呢	3
我很赞同你的说法，哎你今年多大了呀？	我今年24了，你呢？	你多大了？	我今年25了，你猜我多大？	1
我喜欢养狗，而且我因为养狗认识了我的第一和第二任妻子。	我也喜欢狗!	你知道因为狗我遇到了哪位妻子吗？	不知道。	3
我是南京的。	我也是南京人啊!	你知道我来自哪个城市吗？	不知道啊!	1
你好像在说废话一样，我问一下你多大？	我是90年的，你呢？	你多大了？	我今年刚满十八岁，你猜我多大	1
吃过了，你每天早上都跑步吗？	我一般是晚上跑，早上起不来。	是的，你每天早上都跑步吗？	我一般都是早上跑的。	3
我在给我的两个女儿做蛋糕呢，我也很喜欢烹饪跟烘焙。	哇!好厉害啊!你做的蛋糕一定很好吃!	你知道我有几个女儿吗？	不知道，我只知道你有一个女儿。	1
我是学护理专业的，去年毕业，准备找一个对口的工作。	我也是学护士的，今年刚毕业。	你知道我什么时候毕业的吗？	不知道，我还没毕业呢。	3
我喜欢喝啤酒，用百威牌啤酒是我最喜欢的一种类型，我经常在家里自酌自饮。	我也喜欢喝百威	你知道我最喜欢的啤酒是什么吗？	不知道，你告诉我吧	2
还好还好，对了，还没有正式介绍，我叫王楠，今年三十岁，你呢？	我叫王佳，今年二十一岁。	王佳多大了？	二十了，怎么？你有什么事吗？	1
哦哦，你是一名编辑吗？	不是，我是做网站的。	你是编辑吗？	是的，我是网站编辑。	1
不是的，我是中国人，你是哪里人？	我是四川人，你呢？	不，我是中国人。你从哪里来的？	我从北京来的，现在在北京工作!	1
我是一名自由职业者，你学了多久的舞蹈？	我学了快两年了，现在在学爵士舞	爵士舞在你的生活中已经有多少年了？	5年了，断断续续的，你呢？	3
我今年23岁了。	我也23了，你哪年的？	你知道我多大了吗？	不知道，怎么了？	1
你平时都睡得很晚吗？	我一般都是11点左右睡的	通常什么时候睡觉？	晚上11点到2点之间	3
那你平时业余时间多吗？	挺多的，不过我一般都是晚上和周末。	除了晚上，你通常还有什么时间？	除了下午和晚上，其他时间都有时间。	1
你怎么不上班呢？	上班啊，我在上班啊!	你为什么不去上班呢？	我也想啊，可是我没办法啊!	3
我喜欢跑步，而且我一年参加了两次马拉松	我也喜欢跑，可是我跑不动	你知道我一年跑几次马拉松吗？	我不知道，我只知道我每次跑完都很累	3
这样啊，你今天不上班吗？	上啊，我在上班啊!	这样啊，你今天不放工吗？	放啊，我今天休息啊!	3
你叫什么名字呢？	我叫张小宝，你呢？	负责调查的人叫什么名字？	我不知道，我只知道我叫张大宝	1
你是哪里人啊？	我是湖南的，你呢？	你是哪里人士啊？	我是湖北人，现在在北京工作!	1
我正好想找个男生聊天，我还在念大学呢，你工作了？	工作了，你哪个学校的？	我真的在找一个男孩聊天。我还在上大学。你工作过吗？	没有，我是学生，你呢？	1
我现在是个大学生，我们寝室一共有六个人，我是无论如何不可能一个人住的	好吧，我也是一个人。	你知道宿舍里有多少人吗？	不知道。	1
那你玩消消乐吗？	消消乐是什么？	诶呀	我不玩，我不喜欢玩游戏。	2
我喜欢玩车，我现在开的车就是本田思域。	我也喜欢开思域，可惜没钱	你知道我现在开的车是什么吗？	不知道，你说说看	1
你很喜欢打篮球啊？	还好，只是喜欢而已!	你很讨厌打篮球啊？	不讨厌，只是不喜欢!	2
我已经二十多岁了，现在在一家房地产公司工作，平常因为时间不多，没有什么特殊的爱好，不过很喜欢雏菊。	我也喜欢!握爪!	你知道我多大了吗？	不知道!但是我知道你比我小!	1
你喜欢王一博呀？	对呀对呀!超级喜欢他!	你喜欢王一博吗？	不喜欢!但是我喜欢他的歌!	2
我现在是一个大学生，今年已经读大二了。	我也是，不过我马上就要毕业了。	你知道我什么时候是大二的吗？	不知道。	1
好吧，那你是做什么工作的啊？	我是做销售的，你呢？	好吧，那你是做什么劳作的啊？	我是做服务业的，呵呵!	1
行啊！你去唱歌，我一定过去，我过去给你捧场，帮你烘托气氛，我带着鼠标去，允许狗狗进场吗？	可以啊!欢迎欢迎!热烈欢迎!	行啊！你去唱歌，我一定过去，我过去给你捧场，帮你烘托气氛，我带着鼠标去，禁止狗狗进场吗？	禁止!禁止!必须禁止!	3
叫我小明就可以了，你叫什么？	我叫小黄，你呢？	小黄叫什么名字？	我叫小明，你叫小黄吗？	1
我平时也就是喜欢在星期天看足球。	我也喜欢看球赛!	你知道我在一周的哪一天看足球吗？	不知道!	2
我也是，你是在工作还是在上学？	工作了，你呢？	我也是。你是在工作还是去上学？	我在上学，不过马上就要毕业了。	1
好的，你是做什么工作的呢？	我是做金融行业的，你呢？	好吧，你是做什么的？	我是做财务的，你在哪个城市？	1
广告公司呀，那你的收入怎么样？	我是做广告的，不知道你问的是哪方面的	广告公司，你的收入如何？	我是做策划的，不是广告行业的。	1
嘿嘿，我也是，你今年多大了？	我已经22了，你呢？	你多大了？	我都23了，你应该比我大吧？	1
我在看探险节目，你是做什么工作的？	我是个摄影师，你呢？	我在看探险剧目，你是做什么劳作的？	我是做室内设计的，你呢	1
那你是怎么喜欢上歌剧的？	因为喜欢，所以喜欢。	那你是怎么厌恶上歌剧的？	我不是厌恶，只是不喜欢而已。	2
我最喜欢的音乐家是郎朗。	我也喜欢!	你知道谁是我最喜欢的音乐家吗？	不知道，你说说看!	2
我是东北来的，来这边旅游，想知道附近有没有什么好玩的，你是北京本地人吗？	我不是北京人，只是在这里上学而已!	你来自的城市叫什么名字？	我来自北京，在北京念书!	1
我好喜欢何炅。	我也是!	你知道我喜欢谁吗？	不知道!	2
我是个室内设计师，客户一般晚上才有空，需要随时联系客户的。	好的，谢谢!	你知道顾客通常什么时候有空吗？	不知道，这个我不太了解。	0
最近我很开心，你知道为什么吗？	因为我是你的粉丝啊!	我最近很开心。你知道为什么吗？	因为你是我的粉丝!	1
我也很满意我现在的这份工作，你是做什么呢？	我是做销售的，你呢？	我对目前的工作也很满意。你是做什么的？	我是做财务的，你在哪个城市？	1
对呀，你周末准备做什么呢？	我周末还没安排呢，你呢？	一周中哪一天你没有安排？	我也不知道啊，你有安排吗？	3
你还在忙什么呀？	我在忙着找工作呢，你呢？	你在做什么？	我在做财务方面的工作，有什么需要帮忙的吗？	1
还没有想到做什么，你的工作是做什么的？	我是做财务的，你呢？	我还没想到该怎么办。你的工作是什么？	我的工作就是打杂啊!	1
我也很喜欢在周末的时候出去逛逛。	我也喜欢!	你知道我什么时候出去吗？	不知道!	3
我在听歌呢，最近很喜欢听摇滚乐，你喜欢听音乐吗？	我喜欢听朋克!	我在听歌呢，最近很喜欢听摇滚乐，你讨厌听音乐吗？	不讨厌，只是不喜欢!	2
我也很想去杭州，以后一定会去一次，你是做什么工作的？	我是做平面设计的，你呢？	我也想去杭州。我将来会去那里一次。你是做什么的？	我是做室内设计的。	1
那你每天工作多久呢？	一个小时左右吧!	你每天工作多长时间？	不一定，看情况而定!	3
她在我十八岁的时候就去世了。	我知道，你是个有故事的人。	你知道她死的时候我多大吗？	不知道。	1
我是篮球运动员，刚刚从体校毕业加入了市篮球队！	我也是篮球爱好者，不过我是打酱油的	你知道我加入了哪个队吗？	不知道啊，你是哪个队的？	1
那你现在工资多吗？	还行吧，没你多。	你现在有更高的薪水吗？	没有，我现在是无业游民。	1
你今年上几年级了呀？	我今年刚毕业，你呢？	你什么时候毕业的？	我去年毕业的，今年刚考上大学。	3
你喜欢你的工作吗？	不喜欢!	是	我喜欢我的工作!	2
我最喜欢听毛不易的歌，我最喜欢他了。	我也是!超级喜欢他的歌!	你知道我喜欢谁的歌吗？	不知道耶，我只知道他的歌都很好听	2
在社团呢，忙完手头的事了，你在干嘛呀？	我在吃饭呢!你在哪个社团？	在俱乐部里，我已经完成了我正在做的事情。你在做什么？	我在做一个小调查，你有没有兴趣？	3
当然可以，你后天有时间吗？	有啊，我明天下午就回去了，你呢？	你什么时候回来？	后天下午吧，我现在还在车上呢!	3
北京，你工作的地方在哪里呢？	我在北京工作，你在哪儿呢？	你在哪里工作？	我在上海，你呢？	1
的确是大的太多了，那你是做什么工作的？	我是做外贸的，你呢？	的确是大的太多了，那你是做什么劳作的？	我是做室内设计的，现在在一家外贸公司上班。	1
是啊好巧呀，可以说下你叫什么么，你今年多大呢？	我叫小雨，今年23岁，你呢？	小雨是哪一年？	90年的，你呢	1
你有没有自己的画展呢？	没有，我只有画廊的作品。	你们有自己的展览吗？	有的，我们是在上海美术馆举办的。	3
我喜欢听朋克音乐，我会在晚上去酒吧兼职，然后听那些乐队唱歌。	我也喜欢!	你知道我什么时候去酒吧做兼职吗？	不知道!	3
我很喜欢旅行，我已经去过六个国家了。	我也很喜欢旅游，我也去过六国了。	你知道我去过多少国家吗？	不知道。	3
我平时喜欢健身，我也喜欢在夏天的时候游泳。	我也是喜欢夏天的游泳，冬天太冷了	你知道我什么时候喜欢游泳吗？	冬天吧，夏天太热了	2
感觉也不错呀，你的粉丝应该很多吧？	还好吧，我的粉丝都是僵尸粉	感觉也很好。你应该有很多粉丝，对吧？	对啊，你怎么知道的？	1
我是一名投资分析师，专门为客户提供咨询服务，你参加工作了吗？	我也是投资顾问，请问你是做什么的？	我是一名投资分析师，专门为客户提供咨询服务。你参加工作了吗？	我还没有工作呢，你在哪个城市？	1
我最喜欢的歌手是毛不易，你有最喜欢的相扑选手吗？	我喜欢毛不易和毛不易的歌	你喜欢的歌叫什么名字？	我也不知道，我只是喜欢听歌而已	2
我我母亲离婚了，我是我家三个男孩中年龄最大的，他们都不愿意养我。	你母亲是做什么工作的？	家里有多少男孩？	不多，只有一个女儿。	1
那你今天是因为不上班儿吗？	是啊，我今天休息，你呢？	你什么时候下班？	我不知道啊，我还没下班呢!	3
呀，好巧，我也有一只狗，我会在下班后买个饼干给我的狗狗，你的狗狗平常吃什么啊？	我家狗不吃饼干，他只吃狗粮。	啊，真是巧合。我还有一只狗。下班后我要给我的狗买块饼干。你的狗通常吃什么？	我家狗很爱吃饼干。	1
我最喜欢的音乐家是郎朗。	我也喜欢!	你知道谁是我最喜欢的音乐家吗？	我不知道，你知道吗？	2
一个人在家，吃饭都比较简单的，你早上都吃什么呢？	我也是一个人住，早上吃的稀饭。	独自在家吃饭很容易。你早上不吃什么？	稀饭，稀饭稀饭!	3
我是北京的	我也在北京，你在哪儿？	我是哪里人？	你是哪儿人？	1
我是一名教瑜伽的健身教练，我的学员七点多点就要上课呢。	你在哪个健身房？	你知道每天什么时候上瑜伽课吗？	不知道，我没去过。	3
可以呀，那你都喜欢听谁的歌呢？	我听的比较杂，最近比较喜欢听的是周杰伦的歌	可以呀，那你都厌恶听谁的歌呢？	周杰伦啊，五月天啊，王力宏啊	2
那挺好的，你多大了啊，结婚了吗？	还没呢，今年毕业，明年结婚。你呢？	你什么时候毕业？	明年6月毕业，你在哪儿呢？	3
我在听我喜欢的黑豹乐队唱的歌。	我也喜欢他们的歌!	你知道乐队以什么动物命名吗？	不知道!	0
我也是，每周都去，你的车是什么样子的啊？	我的车是捷安特atx-5	你的车叫什么名字？	捷安特xt4	1
你也要当演员嘛？	当然不是，我只是来找你聊天的	你也要当演员吗？	当然，我可是专业的!	1
我是做策划的，工作特别的多，每天都要早早到公司上班，晚上还得在公司加班。	我也是策划，你是做什么的？	你知道我每天什么时候工作吗？	不知道，我也在找工作	1
那真的挺棒的，那你最近还有出去吗？	有啊，你要来找我玩吗？	太好了。你最近出去过吗？	没有啊，最近都在上班呢!	3
怪不得，你现在在哪里上班？	我在上海啊，你呢？	你在哪？	我在北京啊，你在哪呢？	1
哇塞，那你的兄弟是做什么的呀？	我的兄弟当然是做生意的啦!	哇塞，那你的弟兄是做什么的呀？	他们都是打杂的!	1
我湖北的，我以前特别喜欢夏天的，女孩子到了夏天可以穿短裤，现在夏天我都不出去了。	我也是湖北的!	你知道女孩们什么季节穿短裤吗？	不知道!	0
我叫郑昂，你呢？	我叫郑诺，你叫什么名字？	负责调查的人叫什么名字？	我叫康诺，你是康诺吗？	1
你这是怎么了，怎么这么悲伤呢？	没什么，只是有感而发。	你这是怎么了，怎么这么欢乐呢？	我也不知道，就是突然想起来了。	0
我弟弟才三岁。	你弟弟多大了？	你知道我弟弟多大了吗？	不知道，你有弟弟吗？	1
我是计划六个月后退休呢。	那你现在就可以退休了!	你知道我需要几个月才能退休吗？	不知道!	3
我也很喜欢去外面吃饭，尤其是开着我最喜欢雪佛兰杜拉克斯去吃饭。	我也喜欢!	你知道我最喜欢的车是什么吗？	不知道，你说说看。	2
你在练瑜伽之前喜欢热身吗？	喜欢啊，我以前练瑜伽的时候也喜欢。	你喜欢瑜伽前热身吗？	不喜欢，我喜欢在瑜伽垫上做拉伸。	2
而且我最喜欢这个综艺的主持人，何炅。	我也喜欢何老师!	你知道谁是这个综艺节目的主持人吗？	不知道啊!	0
这样啊，那你是一名导游吗？	我是导游，你是谁？	你不是导游吗？	我是你的经纪人，你是我的导游!	1
我是郭书。	我知道你是郭书	你知道电影《小王子》中的角色叫什么名字吗？	不知道，我只知道我叫郭书	1
你为什么压力那么大啊，是发生什么事情了吗？	没有啦，只是有些事情想不通而已。	你为什么压力这么大？怎么搞的？	我也不知道，就是莫名其妙的。	3
我来自山东，你来自哪呀？	我来自河南，你呢？	你是哪里人？	我是湖南人，现在在北京工作!	1
我喜欢的是车，尤其是福特汽车。	我也喜欢福特的车!	你知道你最喜欢的车是什么吗？	我不知道，你知道吗？	2
你是干什么工作的呀，这么早就下班了？	我是做平面设计的，今天是最后一天上班了。	你工作的最后一天是什么时候？	明天上午，你呢？	3
你为什么喜欢读恐怖小说呢？	我不喜欢看恐怖的小说，我喜欢看悬疑的。	你为什么喜欢看恐怖小说？	我也不知道，就是喜欢看。	2
我喜欢听黄玲的歌，她的声音让我心情很舒畅。	我也喜欢她的歌!	你知道谁的声音让我觉得很开心吗？	不知道啊!你知道吗？	2
啊，你父母知道吗？	知道啊，他们都知道。	你父母不知道吗？	不知道，他们也不知道	0
那也很不错，你今天不用工作或者是上学吗？	不用啊，我今天休息，明天还要上班呢!	你什么时候下班？	我已经下班了，你呢？	3
你好，请问你平时看书吗？	看啊，我喜欢看书，你呢？	你好，你经常看书吗？	我很少看书的，不过我喜欢在网上看书	2
好啊，对了你有兄弟姐妹吗？	有啊，我有两个弟弟，一个妹妹。	你有多少兄弟姐妹？	我有三个哥哥，一个弟弟。	1
一个月15000,，足够养活自己了，你呢，你有工作吗？	我没有工作，我在读书。	一个月15000英镑足够养活自己了。那你呢？你有工作吗？	我还在读书，我有工作。	1
我是新疆人，但现在在内蒙古呼和浩特住。	哦哦，我也是新疆的!	我现在住在哪里？	我也不知道，我在唿和浩特!	1
我最喜欢的乐队是五月天，我觉得他们都特别有才华。	我也喜欢五月天!	你知道我最喜欢的乐队是什么吗？	不知道!	2
那你怎么会学这个学科呢？	我是文科生，所以才选的这个专业。	你是怎么学这门课的？	我也不知道，我是理科生。	1
你好呀，你是男生还是女生呢？	男的，你呢？	你好呀，你是毕业生还是女生呢？	我是女生，你是哪个学校的？	1
我是一名音乐老师，你有多大了？	我也是一名老师，我今年24岁了。	你多大了？	我今年刚满十八岁，你呢？	1
会一点，你喜欢打台球呀？	我也会打台球，不过好久没打了。	你一点都不喜欢打台球吗？	不喜欢，我只喜欢看别人打。	2
我喜欢读书，喜欢看乒乓球比赛，也喜欢看电影，我最喜欢的电影是《战狼》，不知道这些活动有没有你喜欢的？	我也喜欢战狼!	噗	你也喜欢吗？	2
嗨！朋友，你今年多大了？	我今年21岁了，你呢？	你多大了？	我已经23了，你应该比我大吧？	1
你好，我叫杨玉清，你呢？	我叫王雯雯，你叫什么名字？	你叫什么名字？	我叫王玉清，大家都叫我玉清!	1
喜欢呀，你喜欢看什么类型的电影？	我比较喜欢文艺片，你呢？	喜欢呀，你厌烦看什么类型的电影？	文艺片我不太喜欢，我喜欢看动作片!	2
你打算学哪种乐器呀？	我想学钢琴，因为我很喜欢钢琴。	你打算学什么样的乐器？	我想学小提琴，或者尤克里里之类的。	3
哇啊，你很会享受啊，那你很喜欢吃零食咯？	我喜欢吃的东西可多了!	哇啊，你很会享受啊，那你很讨厌吃零食咯？	我不喜欢零食!但是我喜欢吃饭!	2
你在哪儿上学呀？	我在大连上学，你呢？	你在哪里学习？	我在北京，你呢	1
我想知道你做这行是不是很不容易啊？	是啊，我在这个行业做了快十年了。	你在这个行业干了多少年了？	快5年了，你呢？	3
还是挺忙的，你是做什么的？	我是做销售的，你呢？	仍然很忙。你是做什么的？	我是做财务的，你在哪个城市？	1
你好，很荣幸和你聊天，你多大了？	我已经22岁了，你呢？	你多大了？	我已经21岁了。	1
我最喜欢的摇滚乐队是滚石乐队，我感觉他们非常完美。	我也喜欢他们!	你知道我最喜欢的摇滚乐队是什么吗？	是什么呢？	2
啊，你这算什么问题呀，花钱不是很容易吗？	我也不知道，我也是第一次遇到这种情况	你经历过这种情况吗？	经历过，我的钱都是我妈给我的	3
你应该挺年轻的吧？	我不年轻了，我已经老了!	你应该年轻，不是吗？	是的，我很年轻!	1
那还挺好的，你钓到过鱼吗？	钓过，钓到过一条鲤鱼。	那很好。你没钓过鱼吗？	没有，我不喜欢吃鱼。	3
哇那你今年几岁了啊？	我今年23了，老了老了!	你多大了？	91年的，我觉得我已经老了。	1
你是哪里的呢？	我是浙江的，你呢？	你是哪里人？	我是湖北人，现在在杭州工作!	1
我也挺喜欢吃糖醋鱼的，酸酸甜甜的，还是我们中国菜好吃。	我也喜欢糖醋鱼，还喜欢番茄炒蛋	你知道糖醋鱼来自哪个国家吗？	不知道啊，我只知道西红柿炒鸡蛋	0
你是啥时候开始跳舞的？	上学期，我是大一的时候就开始了。	你从哪一年开始？	12年吧，好像是。	3
你养了一只猫呀？	对呀，养了快两年了	有多少年了？	4年多了，快4岁了	1
你好，我叫杨玉清，你呢？	我叫王雯雯，你叫什么名字？	你叫什么名字？	我叫王玉清，请问你是谁？	1
你面试的是什么工作呢？	公司的文员，我是做文案策划的。	什么的职员？	我是做财务的，不是文员。	1
你的父亲工资很高吗？	我的父亲是医生，他的工资是我的两倍。	他的薪水比你高多少？	不知道，我不知道。	1
我也听过他们的歌，感觉也挺好听的，但是我最喜欢的乐队是五月天。	我也喜欢五月天!	你知道我最喜欢的乐队是什么吗？	不知道!	2
是在课外班学习的吗？	是的，你要来吗？	是在课外班玩耍的吗？	是的，是的!	3
那你现在已经上班了吗？	还没呢，快了!	你现在上班吗？	是啊，你呢？	3
我今年28岁，看来我比较小一点。	我也是28岁的老女人了!	你知道我28岁是哪一年吗？	不知道啊，我只知道我比你大	1
你经常去健身房吗？	偶尔去，不过都是晚上去。	通常什么时候发生？	我一般都是下午去，有时候晚上也去。	3
我是清华大学的你呢？	我是北大的，你是哪个学校的？	你是哪所学校的？	我是河北工业大学的，现在在北京上学。	1
我都七十岁了。	你比我大，你还有机会!	你知道我多大了吗？	不知道，你多大了？	1
你生活挺丰富的嘛，你工作了吗？	还没呢，还在找工作中，你呢？	你过活挺丰富的嘛，你劳作了吗？	没有啊，我还在上学呢!	1
不过你现在多大啦，怎么你的妈妈还管着你呢？	我23了，我妈妈管我很严的	你多大了？	我22了，我是不是很老了？	1
你们工作的时候还能看书，这么轻松吗？	是啊，所以我才说来找我啊!	你们劳作的时候还能看书，这么轻松吗？	这个就不清楚了，反正我是很轻松的!	1
我喜欢在电视上看周杰伦的演唱会。	我也喜欢!	你知道我喜欢看谁的音乐会吗？	不知道，我只知道你喜欢周杰伦!	2
就是，都什么时代了，你当兵几年了呀？	四年了!你呢？	就是，都什么纪元了，你当兵几年了呀？	五年了!我当兵的时候你还没出生呢!	3
那你骑自行车的时候应该会听音乐吧？	不会，我一般都是骑着自行车在街上走。	那你骑脚踏车的时候应该会听音乐吧？	会啊，我喜欢听音乐。	3
你在宿舍养猫啊？	对啊，今天刚送走一只，又来了一只	你什么时候送走的？	大概半个月前吧，我都不知道它去哪了	3
那就好，那你工作了吗？	还没呢，这个月底才开始找工作	你什么时候开始找工作的？	这个月中旬吧，你呢？	3
那你怎么会学这个学科呢？	我是文科生，所以才选的这个专业。	你是怎么学这门课的？	我是理科生，我也不知道怎么学的。	1
我在上海，我喜欢打篮球。	我也喜欢打球!	你知道我住在哪个城市吗？	不知道!	1
那是挺久的了，那你一周上几节课呀？	两节课，这周还有两节课	那是很长时间了。你一周有几节课？	三四节吧，你呢？	3
你看起来很年轻，你应该工作了没多长时间吧？	嗯，我已经工作了两年了。	你工作了多少年了？	我已经在这里工作了三年多了。	3
还好还好，对了，还没有正式介绍，我叫王楠，今年三十岁，你呢？	我叫王佳，今年二十一岁。	王佳多大了？	十八岁了，今年刚满十八岁。	1
你好，能问一下你多高啊？	一米六的个子，你呢？	你好，你有多高？	比你高一点，也就一米七吧!	1
我有187呢，你呢？	我也是187，你多高？	你有多高？	我不知道，我只知道我比你高	1
我喜欢潜水，周末了我就和朋友一块去潜水、游泳。	我也喜欢，可惜我不会游泳	你知道我什么时候和朋友去潜水吗？	不知道，我也没去过	3
我是十多年前从日本回来的，现在在一所高中教书。	哇塞，好厉害!那你现在在做什么呢？	你知道我从哪里来吗？	不知道啊，所以才问你啊!	3
我又把我最喜欢的电影澳门风云看了一遍。	我也喜欢!	你知道我看了什么电影吗？	不知道!	3
我28岁了，结婚了，还有可爱的宝宝了。	我也是28岁结婚的，也有宝宝了	你知道我多大了吗？	不知道啊，我还没结婚呢	1
我喜欢听李宗盛的音乐。	我也喜欢!	你知道我喜欢谁的音乐吗？	不知道，你说说看!	2
我周末喜欢去看艺术展，我男朋友经常开车送我去，他喜欢车。	你男朋友真好!	你知道我什么时候去艺术展览吗？	不知道。	3
我是北京的	我也在北京，你在哪儿？	我是哪里人？	你是哪里的？	1
我是清华大学的你呢？	我是北大的，你是哪个学校的？	你是哪所学校的？	我是北京理工大学的，你呢？有什么打算？	1
我叫李海，你叫什么呀？	我叫李小海，你呢？	我叫李海。你叫什么名字？	我叫张一帆，你呢!	1
我是依兰县的，不过我希望能住在哈尔滨。	那你来找我吧，我带你去吃好吃的	你知道我是哪里人吗？	不知道啊，我只知道你是哈尔滨人	1
我小孩儿刚刚两岁，正是可爱的时候。	那就好，你也是个可爱的孩子。	我孩子的孩子多大了？	你的孩子是我的孩子，你说呢？	1
我想知道你做这行是不是很不容易啊？	是啊，我在这个行业做了快十年了。	你在这个行业干了多少年了？	12年了，还在做。	3
你对摩托车很有感情吗？	我喜欢摩托车，更喜欢你!	你对摩托车没有感觉吗？	没有，我只喜欢骑摩托的人!	2
是你主动要换的，还是公司辞退你的？	我主动辞职的，因为我不喜欢现在的工作。	是你主动要换的，还是公司聘请你的？	都不是，是我自己要换的。	3
我是山东人呢。	我也是山东的，你在哪个城市？	你知道我是哪里人吗？	不知道啊，你是哪里的？	1
我很喜欢小动物，我在家养了三只猫和两只狗。	我也喜欢猫和狗!	你知道我家有几条狗吗？	不知道!	1
你是做什么工作的，怎么这么晚还没下班？	我是做建筑设计的，现在在一家设计公司上班。	哟	你怎么知道我是做设计的？	1
你好，能问一下你多高啊？	一米六的个子，你呢？	你有多高？	我也不知道，反正比你高	1
我28岁了，结婚了，还有可爱的宝宝了。	我也是28岁结婚的，也有宝宝了	你知道我多大了吗？	不知道，你多大了？	1
你也喜欢听音乐啊，你喜欢听哪种类型的啊？	我喜欢听古典音乐，你呢？	你也喜欢听音乐。你不喜欢哪种音乐？	不喜欢古典乐，我喜欢节奏感强的	2
哦，不是的，我是带朋友朋友来的，他有些睡眠上的问题，现在正在里面治疗，你也有睡眠问题吗？	我睡眠很好，谢谢你的关心!	哦，不，我把我的朋友带来了。他有一些睡眠问题，正在室内治疗。你也有睡眠问题吗？	是的，是的，非常有!	3
我18岁了，你今年多大了呢？	我也是18岁，你呢？	我18岁了。你今年几岁？	我也是十八岁，你多大了？	1
可能这跟孩子的天性有关系吧，孩子更喜欢自由自在的感觉，那你经常带他们出去旅游吗？	我不知道，我也是第一次带孩子出去玩。	你带孩子们出去了多少次？	三四次吧，都是他们带我去的。	3
好吧，那你呢，你是做什么工作的呀？	我是学生，我在深圳，你呢？	你去过哪里？	我在北京，你在哪？	1
我是黑龙江齐齐哈尔市的。	我也是，你是哪的？	你知道我来自哪个城市吗？	不知道啊，你是哪里的？	1
是不是要经常出差？	是的，这个月底就回去了	你什么时候回来？	还不知道呢，到时候跟你说	3
主要是没精力了，每天养他们就已经很累了，你没有养宠物吗？	没有，我现在住的地方没有宠物	你不厌倦每天养宠物吗？	不会啊，我每天都带它们出去玩的	1
火锅里你最喜欢什么呀？	火锅里我最喜欢的是火锅底料!	火锅里你最厌恶什么呀？	不喜欢吃火锅里的任何东西!	2
哇塞，你是哪个科呢？	我是内科的，你呢？	哇，你在哪个部门？	我在急诊科，你呢	1
我喜欢的挺多的，我喜欢古董，我喜欢明朝的东西。	我也喜欢，还有明朝那些事儿	我喜欢哪个朝代？	你喜欢哪一个朝代呢？	2
你好，我是一名销售员，我在一家公司的销售部工作，你呢？	我在一个小公司做销售，你在哪家公司？	你好，我是一名销售员，我在一家公司的销售部劳作，你呢？	我在一名小公司的研发部，你在哪里？	1
我比较喜欢艺术方面的，我最喜欢的艺术家是杨丽萍。	我也喜欢杨丽萍!	你知道谁是我最喜欢的艺术家吗？	不知道!	2
是啊，我就是这么以为的啊，没有学生你们去学校干嘛？	我们去找同学玩啊!	是啊，我就是这么以为的啊，没有学习者你们去院校干嘛？	我们是去学习的啊!	3
那你们的婚礼的风格真独特，那你们在哪个城市举办婚礼呢？	我在北京，他在上海。	他在哪？	他在北京啊，你是北京的吗？	1
我特别喜欢李光洙。	我也喜欢!	你知道我特别喜欢谁吗？	不知道!	2
我今年已经二十岁了。	那就来找我聊聊天吧!	你知道我二十岁是什么时候吗？	不知道。	1
我是在北京上学。	我也在北京，你在哪？	我在哪里学习？	我也不知道，我在北京工作，你呢？	1
我是北京大学的新生。	我也是北大的新生!	你知道我在哪里读大一吗？	不知道啊，你是哪个学校的？	1
我10岁了。	那就聊聊天吧，我也是10岁的小朋友	你知道我多大了吗？	不知道，我只知道你比我大	1
我是北京人，你是哪里的？	我是东北人，在北京工作。	你来自中国的哪个地区？	我来自北京，你呢？	1
你健身多少年了啊？	两年多了，最近才开始的。	有多少年了？	三年多了吧，断断续续的。	3
你养的什么猫？	我家的是英短银渐层	你的家在哪个国家？	英国，我家有一只英短蓝猫	1
我喜欢摇滚，我还喜欢五月天这个乐队。	我也喜欢!	你知道我喜欢什么乐队吗？	不知道!	2
你没谈恋爱吗？	没有啊，我是单身狗啊!	你不是恋爱了吗？	是啊，可是我不想谈恋爱啊!	3
你现在已经到学校了吗？	还没，还在火车上，明早到	火车什么时候到？	下午两点多，你呢？	3
好的，谢谢你哦，你今年多大了？	我今年25岁了，你呢？	你多大了？	我今年24岁了，有什么事吗？	1
那你毕业以后是不是要做厨师呢？	不做了，我喜欢吃现成的!	那你结业以后是不是要做厨师呢？	不知道啊，我还没毕业呢!	3
我是贵州的，离你远不远？	不远，我在贵阳读书，你呢？	你在哪里学习？	我在贵州的一个小县城，你呢	1
我都七十岁了。	你比我大，你还有机会!	你知道我多大了吗？	不知道，你告诉我吧!	1
你想成为医生啊？	对啊，我想当医生!	你不想当医生吗？	不想，我不喜欢医生。	2
叫我小明就可以了，你叫什么？	我叫小黄!你呢？	就叫我小明吧。你叫什么名字？	我叫小青，你呢？怎么称唿？	1
我是北京这边的。	那也欢迎你来找我玩!	你知道我是哪里人吗？	不知道!	1
那你想做什么样的工作的？	我不知道，我只知道我现在不想工作	你不想做什么工作？	我不想做销售，我想做行政	2
是挺远的，你是学生还是已经毕业上班了？	工作了，你在哪儿呢？	是挺远的，你是学员还是已经结业上班了？	学员，还没毕业呢!	1
你已经有两个孩子了啊？	是的，我有两个女儿了。	你有几个女儿？	我有五个女儿，她们都是我的好朋友。	1
比起儿子我更喜欢女儿，还好是两个女儿。	我也喜欢儿子，可是他们都不喜欢我	你知道我有几个女儿吗？	不知道，我只知道你有两个儿子	1
那你现在从事的是什么工作呀？	我现在做的是行政助理。	那你现在从事的是什么劳作呀？	以前是行政，现在是财务。	1
我喜欢每个周末去农贸市场逛逛。	我也喜欢!	你知道我什么时候去农贸市场吗？	不知道，没去过!	2
是嘛，那你有很多时间看篮球比赛吗？	有啊，我一般都是晚上看的	你有很多时间看篮球比赛吗？	没有，只是偶尔看一下而已	3
不过你现在多大啦，怎么你的妈妈还管着你呢？	我23了，我妈妈管我很严的	你多大了？	我21了，不知道算不算大	1
我住在青岛，你是做什么工作的啊？	我在上海，你在青岛做什么呢？	你所在的城市在哪里？	我在北京，你呢？	1
我从三岁起就开始学跳舞了，我特别喜欢跳舞。	我也喜欢!	你知道我多大的时候开始跳舞吗？	不知道!	3
你看的什么电视剧呀？	我在看我是歌手	你看了什么电视剧？	还没看呢，我在看快乐大本营	3
不错呀，你非常喜欢看这种电影吗？	是的，很喜欢!	不错呀，你非常讨厌看这种电影吗？	是的，我很讨厌!	2
我现在最大的爱好就是摄影和徒步旅行，你喜欢吗？	喜欢，我也喜欢!	我现在最大的爱好就是摄影和徒步旅行，你讨厌吗？	不讨厌，只是不喜欢而已!	2
我是个小学生，在上三年级。	我也是小学生!	你知道我是哪个年级的学生吗？	不知道!	1
我这个人平常喜欢听音乐，我最喜欢听邓紫棋的音乐啊。	我也喜欢她的歌!	你知道我最喜欢谁的音乐吗？	不知道，你说说看!	2
你在哪个学校毕业的？	我在北京读的大学，现在在上海工作。	你在哪里学习的？	我在上海上学，你呢？	1
我是做策划的，工作特别的多，每天都要早早到公司上班，晚上还得在公司加班。	我也是策划，你是做什么的？	你知道我每天什么时候工作吗？	不知道，我只知道你是设计师。	1
你也喜欢福特卡车？	我喜欢法拉利，你呢？	你喜欢什么车？	我喜欢劳斯莱斯	2
我27了，你应该比我大吧？	我也27了。比你大。	你几岁了？	我26了。你呢？	1
我现在是一名幼师，我们班有26个小孩。	我也是幼师!	你知道班上有多少个孩子吗？	不知道!	0
我是一个在哔哩哔哩的美妆博主。	b站美妆up主你好，我是个美妆达人	你知道这位美女博主叫什么名字吗？	不知道，我只知道你是个美食博主	1
我喜欢去国家公园散步。	我也喜欢!	你知道我去哪里散步吗？	不知道!	3
我等会要去看飞儿乐队的演出，这个可是我最喜欢的乐队呢。	你喜欢什么样的乐队？	你知道我想看哪个乐队吗？	不知道。	2
那你要加油啊，你现在在哪个城市工作呢？	我在北京呢，你呢？	你在哪？	我在上海呢，你在哪儿呢？	1
我是北京大学的新生，我的爱好是摄影，所以打算学这个专业	哦哦，我也是北大的新生。	你知道我在哪里读大一吗？	不知道啊，你是哪个学校的？	1
我是一名园艺师，现在在一家花店工作，工作大概有半年了吧。	我也是园艺师!	我在花店工作多久了？	一年多了吧，你在花店做什么？	3
不觉得呀，我对做饭还挺感兴趣的，你喜欢做饭吗？	我喜欢吃，也喜欢做!	不觉得呀，我对做饭还挺感兴趣的，你厌恶做饭吗？	我不讨厌做饭，只是不喜欢做而已!	2
我最喜欢里面的田润叶，我喜欢她的性格，敢爱敢恨。	我也喜欢她!	你知道我喜欢谁吗？	不知道啊!你喜欢谁？	2
哇啊，你好有雅兴啊，你平常在哪钓鱼啊？	我家附近，你呢？	哇啊，你好有酒兴啊，你平常在哪钓鱼啊？	我一般在家里钓的，你是哪里的？	3
我很喜欢旅游啊，我刚去伦敦旅行了一趟。	我也喜欢旅行，可惜没时间。	你知道我去了哪个城市吗？	不知道。	3
唉，不说这些了，你看起来好小，你现在多少岁了，有什么喜欢的东西吗？	我已经二十五岁了，我喜欢的是音乐，你呢？	你多大了？	我今年刚满十八岁。	1
我是山东人，我住在山东德州。	我也是德州人，我在济南上学。	我来自哪个省？	你是哪个省的？	1
昨天有日食，你看了吗？	看了，我还看到了日食!	昨天发生了日食。你没看见吗？	没有啊，我看到的都是阴天!	3
那你这家店开了多长时间了？	快一年了吧!	你的店开了多久了？	快两年了吧，你呢？	3
呵呵，我还以为是外国人呢，我是广州的，你是哪里的呢？	我是广东的，你呢？	呵呵，我还以为是洋人呢，我是广州的，你是哪里的呢？	我在广州读书，你在哪个城市？	1
还好啦，你是做什么工作的？	我是做室内设计的，你呢？	没关系。你是做什么的？	我是做平面设计的。	1
我是山东济南的，你是哪的？	我是北京的，你呢？	我来自山东省济南。你从哪里来的？	山东人，在北京工作，现在在济南工作。	1
滚石我喜欢，但是我更喜欢的是844乐队，很经典。	我也喜欢844!	你知道我喜欢哪个乐队的名字吗？	不知道!	2
你好，新朋友，你在玩游戏，你不用上班吗？	我在上班啊，只是在玩手机而已	你好，新朋友，你在玩游戏。你不用去上班吗？	不用啊，我上班的时候你还没下班呢	3
不累，别总说我了，你是做什么工作的？	我是做通信行业的，你呢？	不累，别总说我了，你是做什么劳作的？	我是做电商的，呵呵!	1
是呀，比以前懂事了不少呢，你有儿子吗？	有啊，我有两个儿子，一个女儿。	你有几个孩子？	两个女儿，一个儿子。	1
那你是学了什么专业呢？	学的是信息管理与信息系统，现在在做人力资源管理	你学的是什么专业？	管理科学与工程，你呢？	1
你爱喝黑咖啡吗？	我不喜欢喝咖啡，我喜欢喝茶。	你爱喝白咖啡吗？	我喜欢黑咖啡，白咖啡我也喜欢。	2
我27了，你应该比我大吧？	我也27了。比你大。	你几岁了？	我91年的，你呢？	1
看来你还是个管理者啊？	是的，我是管理者!	看来你还是个经理？	不是，我是打杂的!	1
那你经常出去散步吗？	不经常，有时候会去健身房。	你不是经常出去散步吗？	是啊，可是我不喜欢运动。	3
好吧，那你今年多大啦？	我今年20了，你呢？	现在是哪一年？	现在是2012年，我是1991年出生的。	1
可是我还是想上学，我才16岁就要出去找工作。	那就好好学习吧!	我多大了？	你多大了啊？	1
我是位电子游戏设计师，参与制作了60多款电子游戏，近期打算开一家游戏公司。	哇!好厉害!期待看到你的作品!	你知道我参与了多少个电子游戏吗？	不知道，只知道你很厉害!	3
好啊，你怎么称呼呢？	我叫王琪琪，你呢？	负责调查的人叫什么名字？	我叫李佳芝，你叫我琪琪就可以了。	1
我叫姜昕，喜欢研究烹饪是个厨师。	你好，我叫小甜甜，喜欢看书。	你知道我叫什么名字吗？	不知道。	1
说说你吧，你是做什么的呀？	我是学生，我在北京，你呢？	你是哪里人？	我是北京人，在北京工作!	1
我会去的，你在国内旅游完了吗？	还没呢，月底回去!	我会的。你结束国内旅行了吗？	还没有呢，下个月回去。	3
你在哪里工作呀，怎么这么忙？	我在上海啊，你呢？	你在哪？	我在广州啊，你在哪个区？	1
我今年二十五岁，还是想多学点东西，丰富自己。	我今年25岁，也想多学一点东西丰富一下自己	你知道我多大了吗？	不知道，我只知道我24岁	1
是啊，你今年多大年龄了？	我今年24岁了，你呢？	是的，你今年多大了？	我比你大，我今年25岁了。	1
好的，强强你现在在忙什么呢？	我现在在上班啊!你呢？	好的，强强。你现在在做什么？	我现在还在上学啊!	3
我觉得我成绩已经算不错了，我是一个后卫，去年进了128次球。	你在哪个队？	你知道去年我进了多少球吗？	不知道，你是哪个队的？	3
我今年都已经六十一岁了。	那我就不打扰你了!	你知道我多大了吗？	不知道!	1
我是河南人，你哪里的？	我是河北的，你呢？	我来自河南。你从哪里来的？	河南的，我也是河南的!	1
我23岁了，你是哪里人啊？	我也23了，你呢？	你多大了？	比你大，比你大!	1
周末我喜欢去公园读书。	我也喜欢!	你知道我什么时候喜欢在公园看书吗？	我不知道，我只知道我喜欢你!	2
我是负责帮顾客推荐房子的，每天都要在门口站一天迎接顾客。	我也是服务员，我也是在门口接人。	一周有多少天我必须站在门口迎接顾客？	不一定，看你自己的时间。	3
你经常去健身房吗？	偶尔去，偶尔去。	你不是经常去健身房吗？	是啊，不过最近没去了。	3
我今年34岁了，结婚好几年了，儿子都上三年级了。	哇塞，这么年轻就结婚了!	我什么时候有儿子？	你不是有两个儿子吗？	1
我在医院里担任档案管理员，那你平时忙吗？	忙啊，每天都有事情做。	我在医院当档案管理员。你平时忙吗？	忙啊，忙的时候忙死，闲的时候闲死。	3
我平时喜欢运动，周末也会去健身馆的。	我也喜欢健身，可是我是男的	你知道我什么时候去健身房吗？	不知道啊，我也没去过	3
那是挺久的了，那你一周上几节课呀？	两节课，这周还有两节课	那是很长时间了。你一周有几节课？	三四节吧，主要是这周没课	3
你工作几年了呀？	两年多了，你呢？	多少年了？	今年刚满一年，我想知道你是做什么的？	3
你想成为医生啊？	对啊，我想当医生!	你不想当医生吗？	我不想，我只是想跟你聊天而已!	2
我来自山东，你来自哪呀？	我来自河南，你呢？	你是哪里人？	我是河北的，现在在山东上学!	1
我喜欢养狗，而且我因为养狗认识了我的第一和第二任妻子。	我也喜欢狗!	你知道因为狗我遇到了哪位妻子吗？	谁？	3
我不喜欢秋冬天，不想出门在家看小说挺好的。	我也不喜欢冬天!	我不喜欢什么季节？	冬天!春天!秋天!冬天!都不喜欢!	2
对啊，那你是做什么的？	我是学生，你呢？	是的，你是做什么的？	我是做平面设计的，你呢	1
我今年五十三了，是个五十多的老男人。	那我也是老男人了!	你知道我多大了吗？	不知道，我只知道你比我大	1
我是专门卖福特汽车的，我本人也喜欢福特汽车。	你是做什么的？	你知道我卖什么车吗？	不知道，我只知道你是卖车的	1
那你每天都会去跑吗？	我一般都是晚上跑，早上起不来。	你通常什么时候跑步？	晚上7点以后，早上6点左右。	3
听着你的口音，你应该是东北人吧？	我是东北的，你是哪儿的？	听着你的口音，你应该是东北人氏吧？	不是，我是河北人，在北京上学!	1
那你今年多大了？	我90年的，你呢？	你今年几岁？	我比你大，我是89年的!	1
那你们个子一定都很高吧？	还好吧，我个子不高，只有163	你大概有多高？	我也不知道，反正比你高	1
我喜欢跑步，而且我一年参加了两次马拉松	我也喜欢跑，可是我跑不动	你知道我一年跑几次马拉松吗？	我知道啊，我也是一年跑一次	3
你每天都那么能睡吗？	我每天都这么能睡的，只是你不知道而已	你能每天都这样睡觉吗？	这个问题问得好，我也不知道	1
你是想要做一名律师吗？	是的，我想要做律师。	你不想当律师吗？	不想。	2
那你男朋友没跟你求婚啊？	没有啊!他说他不想结婚!	呦呵	他说他想结婚，可是我不想!	0
我都四岁了它才一岁。	好吧，你赢了!	你知道我多大了吗？	不知道，你说吧!	1
在的哦，你多大了？	我25了，你呢？	哦，你多大了？	我比你大，我26了!	1
的确是大的太多了，那你是做什么工作的？	我是做外贸的，你呢？	的确是大的太多了，那你是做什么劳作的？	我是做平面设计的，你在哪里呢？	1
哇啊，你很会享受啊，那你很喜欢吃零食咯？	我喜欢吃的东西可多了!	哇啊，你很会享受啊，那你很讨厌吃零食咯？	不讨厌，只是不喜欢吃!	2
你的父亲工资很高吗？	我的父亲是医生，他的工资是我的两倍。	他的薪水比你高多少？	我不知道，我没问。	1
说得我都不好意思了，聊聊你吧，你今天打算怎么休息呀？	不知道啊，还没想好，你呢？	很抱歉这么说。让我们谈谈你。你今天为什么不休息？	因为我有事情要做啊!	1
我今年14岁了，上中学了。	我今年17岁了，你呢？	你知道我多大了吗？	不知道，你多大了？	1
方便问一下，你今年多大了吗？	我今年25岁了，你呢？	你多大了？	我今年24岁了，比你大一点!	1
我现在20岁啦。	我知道啊，我是说你可以来找我聊聊天	你知道我多大了吗？	不知道，所以才问你啊	1
抱歉，我是一个素食主义者，你多大了？	我20岁了，我喜欢吃肉。	你多大了？	我今年24岁了。	1
我还是个小朋友呢，我才十岁。	那你多大了？	你知道我多大了吗？	不知道。	1
我喜欢听音乐呢，尤其是王力宏唱的呢。	我也喜欢听王力宏的歌!	你知道我最喜欢谁吗？	谁？	2
我很喜欢何炅。	我也喜欢!	你知道我非常喜欢谁吗？	不知道!	2
我平时喜欢健身，我也喜欢在夏天的时候游泳。	我也是喜欢夏天的游泳，冬天太冷了	你知道我什么时候喜欢游泳吗？	不知道，我只知道我喜欢你	2
那你平常喜欢看漫威动画吗？	喜欢啊，我还喜欢漫威的电影呢	你通常喜欢看漫威动画吗？	一般吧，我喜欢看各种类型的电影	2
是呀，现在我已经上大二，平常没课就出去做兼职，赚点生活费，你做什么工作呀？	我在一家杂志社做文员，你呢？	是的，现在我是大二学生了。我通常不上课就出去做兼职，以赚取一些生活费。你是做什么的？	我是杂志社的编辑。	1
那你会演奏乐器吗？	我会吉他，尤克里里，钢琴，架子鼓。	你能演奏什么乐器？	我也不知道，我就会弹吉他。	1
你现在是已经上学了呢，还是在工作？	工作了，你呢？	你现在是已经上学了呢，还是在劳作？	我还在上学呢，不过也快毕业了!	1
那你做什么工作的？	我在一家房地产公司做文员。	那你做什么劳作的？	搬砖的，搬完了就没事干了。	1
我从小时候后就看很喜欢读书，我现在每周最少看2本书。	我也喜欢看书，只是不多。	你知道我一周读多少本书吗？	不知道。	3
额，你说的好像还是蛮有道理的，那你现在是做什么的呢？	在一家小公司做文员。	脑门，你说的好像还是蛮有理的，那你现在是做什么的呢？	我现在在一家大公司做行政助理。	1
那你去的话多拍点欧洲的照片，欧洲的风景，欧洲的美食，让我们开开眼界呀怎么样？	好啊好啊，我还没去过欧洲呢!	你从没去过哪个国家？	我只去过意大利和法国，还有法国和瑞士。	3
不好意思，我没有养猫，你养猫吗？	我也没有养，不过我喜欢猫咪!	对不起，我没有猫。你有猫吗？	有啊，我家有两只!	1
那是挺久的了，那你一周上几节课呀？	两节课，这周还有两节课	那是很长时间了。你一周有几节课？	一共四节课，一星期四节课	3
昨天晚上你没有睡觉吗？	我昨晚睡得很好，你呢？	你什么时候睡得好？	我也不知道，有时候睡的很好	3
我今年19岁了，过几天就是我的生日。	我也是19岁，生日快乐!	你知道我多大了吗？	不知道，你说吧!	1
我今年才十岁，明天就要开学了。	我也是明天开学!	你知道学校什么时候开学吗？	不知道啊!	3
但是我很喜欢夏天，夏天就可以游泳，吃西瓜和冰淇淋。	我也喜欢!夏天可以去海边!	我喜欢在什么季节吃西瓜和冰淇淋？	我也不知道!	2
以前我很喜欢吃冰淇淋，自从进入国家队以后就没吃过，现在我又可以吃到我最喜欢的香草味儿冰淇淋了。	我也喜欢吃冰激凌!	你知道我加入了哪个队吗？	不知道。	3
我也不清楚，反正就是很喜欢秋天。	我也是!	我最喜欢什么季节？	冬天!	2
我喜欢潜水，周末了我就和朋友一块去潜水、游泳。	我也喜欢，可惜我不会游泳	你知道我什么时候和朋友去潜水吗？	这个不知道，我也是旱鸭子	3
是的我今年三十五岁了，你是做什么工作吗？	我是个自由职业者，你呢？	是的，我三十五岁了。你是做什么的？	我是做设计的，现在在一家杂志社工作。	1
你是不是年龄大了？	你多大了？我觉得我应该比你大	你是不是岁数大了？	我也不知道，我只知道我比你小	1
我是上海的，我男朋友是北京人。	我也是上海人，我男友也是北京的	你知道我男朋友是哪里人吗？	不知道，你告诉我吧	1
没事，刚午休起来，你多大了啊？	你多大啊？我是90年的，你呢？	你多大了？	我是89年的，比你大一岁!	1
喜欢，我有一只金毛猎犬，你喜欢什么宠物？	我喜欢金毛和拉布拉多!	喜欢，我有一只金毛猎犬，你厌恶什么宠物？	我不讨厌宠物，我只是不喜欢狗!	2
我很喜欢晚上听歌的。	我也喜欢!	你知道我什么时候喜欢听音乐吗？	我不知道，我什么都不知道!	2
没事的，你现在是已经工作了还是在上学呢？	工作了，你呢？	没事的，你现在是已经劳作了还是在上学呢？	还在上学，不过快毕业了!	1
我今年都已经六十多了，是一名老太太。	我今年也是六十多岁了。	你知道我多大了吗？	不知道。	1
是呀，比以前懂事了不少呢，你有儿子吗？	有啊，我有两个儿子，一个女儿。	你有几个孩子？	两个，一个男孩，一个女孩。	1
对啊，那你是做什么工作的呢？	我是学生，在学校学习，你呢？	是的，你是做什么的？	我是做软件开发的，你呢	1
你好，你多大了呀姐姐？	我是90年的，你呢？	你多大了？	我是88年的。	1
那你今天是因为不上班儿吗？	是啊，我今天休息，你呢？	你什么时候下班？	我现在就下班了，你呢	3
你上班的地方距离你很近吗？	我住在西站附近，上班在东站附近	你在哪一站工作？	我在西站这边，你呢？	1
那你教几年级的啊？	三年级，你呢？	三年级的学生人数是多少？	我教的是一年级，我们班有20多个学生。	3
我喜欢旅行，我去过爱尔兰和澳大利亚。	我也喜欢旅游，喜欢那里的人	你知道我去过哪个国家吗？	不知道，你说说看	3
那你以后是想找一个厨师的工作吗？	我想做厨师!但是不知道能不能找到!	你将来不找份厨师的工作吗？	不找了!我现在学的是酒店管理!	3
你是家就在北京吗？	是的，家在北京，现在在北京工作	你不是北京人吗？	我是河北人，在北京生活!	1
我住在上海的，你住在哪里呢？	我住在浦东，你呢？	你住在哪里？	我住在徐汇区，你呢	1
我也养了一只狗，叫“狗蛋”，是个拉布拉多。	我家的叫哈士奇!	“狗蛋”是什么品种的狗？	中华田园犬!	1
那你也是组了一个乐队吗？	是的，我是贝斯手，吉他手，贝斯手	你所在乐队的名字是谁？	我不知道，我只知道我的名字	1
你除了喜欢车，还有什么爱好吗？	我喜欢看书，看电影，看书。	除了汽车，你没有其他爱好吗？	没有，我喜欢一个人呆着。	2
那你喜欢去动物园吗？	喜欢啊，你要来吗？	你不喜欢去动物园吗？	我不喜欢动物园，我喜欢你!	2
你怎么生病了呢？	我也不知道，昨天晚上突然就发烧了。	你什么时候发烧的？	前天晚上，刚才又发了一次烧。	3
我20岁。	我也是20岁，你在哪个城市？	你知道我多大了吗？	不知道，我只知道你在北京	1
你看起来很年轻，你应该工作了没多长时间吧？	嗯，我已经工作了两年了。	你工作了多少年了？	三年多了，我现在在一家公司上班。	3
我是个孤儿，我现在在北京生活，可不就是地地道道的北京人。	我也是个地道北京人，我也在北京	你知道一个不折不扣的北京人是什么意思吗？	不知道，我不是北京人	1
当然可以，这周末你可以来吗？	这周末我不行，我要去杭州。	你什么时候能去杭州？	不知道啊，还没定下来。	3
你喜欢听什么音乐呢？	我喜欢听古典音乐，你呢？	你不喜欢听什么音乐？	我不喜欢古典乐，我喜欢流行音乐	2
我也很喜欢鲁迅先生的书。	嗯嗯，我也喜欢!	你知道我喜欢谁的书吗？	不知道，只知道你喜欢看书!	2
我18了，你应该跟我差不多大吧？	我也18了。你多大？	你多大了？	我22了。你呢？	1
其实是我喜欢早起画画，因为早上起来灵感最多了。	我也喜欢画画，可是不知道从哪开始	你知道我什么时候能从中获得灵感吗？	不知道，我也想知道	2
那你家是哪的？	我家是东北的，在北京上学!	你在哪里上学？	我在天津上学，现在在北京工作!	1
我在重庆的一家公司上班，我很喜欢重庆这个地方，尤其喜欢重庆的火锅。	我也喜欢吃火锅，你在重庆哪个公司？	你知道我在哪里工作吗？	不知道，你是做什么的？	1
你不觉得半熟的芝士腻吗？	我喜欢吃芝士味的东西	你不厌倦半熟的奶酪吗？	我不喜欢半熟芝士	2
我收到了，那您贵姓呀？	我姓陈，你呢？	我收到了，那您尊姓呀？	我姓李，你叫什么名字？	1
你好，姑娘，你在织毛衣吗？	我在织围巾!	你好，丫头，你在织毛衣吗？	我在织毛裤!	3
我是石家庄的。	我也是，你在哪儿？	你知道我是哪里人吗？	不知道，你是哪儿的？	1
那你平时不忙的时候喜欢做什么？	看书，看电影，听音乐，看书。	那你平时不忙的时候讨厌做什么？	看书，听歌，看书，发呆。	2
我呀，早上是个酒店的经理，晚上的话会去做做兼职。	我也是酒店经理!你在哪家酒店？	你知道酒店经理什么时候上班吗？	不知道啊!我还没毕业呢!	1
叫我小梁就行了，你现在不上班吗？	我在上班啊，你不知道吗？	就叫我小梁吧。你现在不工作吗？	是啊，我在找工作啊!	3
你现在工作了？	是啊，你呢？	你现在不工作吗？	嗯，不工作了!	1
我昨天去了迪斯尼乐园看了米老鼠，就喜欢上了那里。	我也喜欢迪士尼!	你知道我在哪里看到米老鼠的吗？	不知道!	3
那你很厉害哦，你平时也喜欢运动吗？	喜欢啊!只是很少运动而已!	那你很厉害哦，你平时也讨厌运动吗？	不讨厌!只是不喜欢!	2
我喜欢喝啤酒，用百威牌啤酒是我最喜欢的一种类型，我经常在家里自酌自饮。	我也喜欢喝百威	你知道我最喜欢的啤酒是什么吗？	不知道，你说说看	2
我也挺喜欢我的工作的，你是做什么的？	我是做销售的，你呢？	我也挺喜欢我的劳作的，你是做什么的？	我是做平面设计的，你在哪个城市？	1
你生活还挺丰富的嘛，你都玩什么游戏呀？	我不玩游戏的，只是喜欢聊天而已。	你的生活很丰富。你玩什么游戏？	三国杀，连连看，斗地主，象棋，象棋。	3
我最喜欢的篮球运动员是姚明。	我也喜欢!	你知道我最喜欢的篮球运动员是谁吗？	不知道!	2
中国的四大名著你都看过吗？	看过一点，没看完。	你看过中国四大名著吗？	没有，我只看过明朝那些事儿。	3
你有很多的朋友吗？	没有，只有你这个朋友!	你有很多朋友吗？	我有很多好朋友，只是你不知道而已!	1
对，我挺喜欢安静，还没有自我介绍，我叫张红，你叫什么？	我叫王红，你呢？	你叫什么名字？	我叫张小红，你是？	1
好吧，那你准备吃什么啊？	我不知道啊，想吃啥就吃啥!	你要吃什么？	我想吃麻辣烫，麻辣香锅，麻辣烫!	2
我最喜欢的季节是冬天。	我也喜欢冬天!	你知道我最喜欢的季节是什么吗？	不知道，你告诉我吧!	2
你还养了猫啊？	是啊，我养了两只猫!	她有多少只猫？	不知道啊，应该有几千只吧!	1
当然是喜欢狗子，当时喜欢你是因为你喜欢吃芝士，你多高了现在？	我比你高一点，我182	你大概有多高？	我不知道啊，反正比你高	1
我都53岁了，还没有遇到过这种好事呢。	我也是53岁，我也没遇到过这样的好事	我多大了？	你多大？	1
你好像在说废话一样，我问一下你多大？	我是90年的，你呢？	你多大了？	我也不知道，反正比你大	1
我平时喜欢跳舞，我的身高是1米72。	我也喜欢舞蹈，不过我是男的。	你知道我的身体有多高吗？	不知道。	1
哦哦，那你是很喜欢看书吗？	嗯，喜欢看小说，看电影，看书。	哦哦，那你是很讨厌看书吗？	不讨厌，只是不喜欢。	2
那你就天天在家看小说的吗？	没有啊，我在家里看书!	你每天在家看小说吗？	是啊，我喜欢看小说!	3
你今年大几啊？	大二了，快毕业了，你呢？	高中第一年是哪一年？	我也不知道，应该是10年吧!	3
我也很喜欢去外面吃饭，尤其是开着我最喜欢雪佛兰杜拉克斯去吃饭。	我也喜欢!	你知道我最喜欢的车是什么吗？	是什么？	2
嘿嘿，可以这么说我，难道你现在没有上学吗？	没有啊，我已经毕业了!	嘿，嘿，你可以这样说我。你现在不去上学吗？	上啊，明天就去学校了!	3
是的呀，那你有什么喜欢做的事情吗？	我喜欢看书，看电影，看书，睡觉	是的，你没有什么喜欢做的吗？	没有，我喜欢一个人呆着	2
你休息不出去玩儿一下吗？	今天休息，明天要上班了!	你什么时候去上班的？	今天上午去的，下午就回来了!	3
你是以后想当一名医生吗？	我不想当医生，我想当科学家	你是以后想当一名卫生工作者吗？	我不知道，我不想做卫生员	2
你还是个小学生啊？	我是小学生，你是大几的？	你还是学生吗？	我是大学生，不过马上要毕业了!	1
是姐姐哦，你上高几啊？	高三了，你呢？	高中三年级是哪一年？	我已经毕业了，你应该比我大吧？	1
你有没有自己的画展呢？	没有，我只有画廊的作品。	你们有自己的展览吗？	有的，不过不多。	3
我喜欢红色的车，你呢？	我喜欢白色的车	啊好	你喜欢什么颜色的车？	2
那还真是巧了，你都喜欢吃什么锅底？	我喜欢鸳鸯锅!	那还真是巧了，你都讨厌吃什么锅底？	鸳鸯锅我都不喜欢!	2
嗯嗯，你周末时间都在学习吗？	是的，周末都在自习室学习。	你什么时候在自习室学习？	周末一般都在图书馆，偶尔会去自习室。	2
你在这里多长时间了？	我在这里快两年了，你呢？	你来这座城市有多少年了？	我出生在这里，我的父母都在这里	3
对啊，我儿子已经11岁了，学习很用功的，每次都能考进全班前五，你多大啊？	我是93年的，你呢？	93年你多大了？	我今年刚满十八岁。	1
是我去香格里拉旅行的时候当地人送我的，我很喜欢。	那就来吧!我带你去吃好吃的!	我去哪里旅行了？	你不是在丽江吗？	3
我被老师罚在操场跑了十圈，我讨厌上学，讨厌学校。	为什么？	我在操场上跑了几圈？	十圈，那你为什么要跑十圈？	3
哇，你家人很多吗？	不多，就我和我妈两个人。	你有几个孩子？	两个，还有一个弟弟。	1
你好啊，喜欢聊天吗？	喜欢啊，你呢？	你好，你喜欢聊天吗？	不喜欢，我不喜欢跟陌生人聊天。	2
那你喜欢哪种花朵啊？	我喜欢漂亮的花!	你喜欢什么样的花？	我不知道，我只知道我喜欢你!	2
我就不行，我也就周末喜欢去骑骑自行车。	那你来找我吧!	你知道我喜欢什么时候骑自行车吗？	不知道，你说吧!	2
那小孩儿小时候也调皮呀，你也不喜欢吗？	我不喜欢小孩子!我喜欢你!	那孩子小时候很淘气。你不喜欢吗？	我喜欢调皮的小孩!	2
那你有没有去大医院看呐？	没有，我都不知道去哪看!	你去大医院了吗？	去了，开了药，吃了两天就好了!	3
你是做什么的，那么忙？	我是做销售的，最近比较忙!	你这么忙干什么？	忙着找工作啊!	3
对了，那你起的这么早你在干嘛呀？	我在上班啊!你呢？	啦	好吧!我要睡了，晚安!	3
为什么这么说，你是做什么的？	我是做销售的，你呢？	为什么？你是做什么的？	我是做互联网的，只是在这里工作而已!	1
我喜欢周杰伦的音乐呢。	我也喜欢!	你知道我喜欢谁的音乐吗？	不知道，我只知道你喜欢我	2
唉，你多大了呢？	我是92年的，你呢？	92年你多大了？	我91年的，应该比你大吧!	1
在北京这边，你在那里呀？	我在北京，你在哪儿呢？	在北京，你在哪？	我在天津，你呢？	1
看电影呢，你喜欢看电影不？	喜欢啊，我喜欢看恐怖片	看电影呢，你讨厌看电影不？	我不喜欢看那种恐怖片。	2
你好啊，你多大了呢？	我是90年的，你呢？	你好，你多大了？	我今年刚满十八岁，比你大一岁!	1
听着你的口音，你应该是东北人吧？	我是东北的，你是哪儿的？	听着你的口音，你可能是东北人吧？	我是山东人，你呢？	1
我很喜欢音乐，我从五岁起就开始学音乐了。	我也是，从五岁开始学的。	我多大的时候开始学习音乐？	我不知道，我只知道我八岁的时候。	3
我已经二十多岁了，现在在一家房地产公司工作，平常因为时间不多，没有什么特殊的爱好，不过很喜欢雏菊。	我也喜欢!握爪!	你知道我多大了吗？	不知道啊!你多大了？	1
我是来自徽州的，现在就居住在安徽。	安徽哪里？我也是安徽的!	我住在哪里？	我也不知道你住哪里!	1
那就好，不是很孤单，你是做什么工作的？	我是做销售的，你呢？	那很好。这并不孤独。你是做什么的？	我是做财务的，你在哪个城市？	1
那真的太可惜了，那你现在在做什么工作呢？	我现在在一家小公司做文员，你呢？	真遗憾。你现在在做什么？	我在做财务方面的工作，你呢	1
我喜欢晚上跑步	我也喜欢，可是我跑不起来	你知道我每天什么时候跑步吗？	不知道，我也不知道	3
我是一名音乐家，专门弹奏钢琴的，郎朗是我的偶像。	你的偶像是谁？	你知道谁是我的偶像吗？	我不知道，你告诉我吧!	2
是不是要经常出差？	是的，这个月底就回去了	你什么时候回来？	还不知道，不过应该快了	3
你上班很早吗？	是啊，最近都是八点半到九点半	你放工很早吗？	是啊，每天都是九点半到十点半	3
我也很喜欢交朋友，你是东北人吗？	不是，我是湖南人!	你是哪里人？	我是东北的，在湖南上学!	1
抱歉，我是一个素食主义者，你多大了？	我也是素食者，91年的，你呢？	你是哪一年的？	92年的，怎么了？	1
我喜欢自由潜水，我每个周末都会去潜水。	我也喜欢!	你知道我什么时候去潜水吗？	不知道，我也不知道!	3
她知道你喜欢她吗？	不知道，我只知道她喜欢我	她不知道你喜欢她吗？	我不知道她知不知道我喜欢她	1
我喜欢跟朋友一起打英雄联盟，我玩这个游戏已经六年了。	我也喜欢玩游戏，不过我是菜鸟	你知道我打英雄联盟有多少年了吗？	不知道，我只知道你玩的很厉害	3
我比较喜欢自己一个人看书，《绿山墙的安妮》这本书我已经看了五遍了。	我也喜欢看安妮的书!	你知道我读了五遍谁的书吗？	不知道，我只看过她的《梦里花落知多少》	3
恭喜你啊，什么车呀？	谢谢，我是奥迪a4l	恭喜你啊，什么车辆呀？	谢谢，是大众途观l	1
那你一般都喜欢做些什么呢？	看书，看电影，看书，听歌，看书	你通常不喜欢做什么？	不喜欢睡觉，喜欢发呆	2
你好呀美女，我是上海的，你是哪里人呀？	我在上海工作，你呢？	你在哪里工作？	我在北京，有机会来上海找我玩吧!	1
那你是怎么喜欢上歌剧的？	因为喜欢，所以喜欢。	那你是怎么厌恶上歌剧的？	因为我不喜欢歌剧，所以就不喜欢了。	2
是啊，我还是学生呢，你在做什么工作呢？	我也是学生啊!	是啊，我还是学员呢，你在做什么劳作呢？	我在上班啊!你呢？	1
请问你有喜欢的音乐吗？	我喜欢听摇滚，你呢？	请问你有厌恶的音乐吗？	没有，我不喜欢摇滚，也不喜欢摇滚乐	2
你现在是上班了吗？	是啊，明天开始上班了，你呢？	你什么时候开始工作？	我已经在上班了!	3
我是家庭主妇，我有两个儿子。	你是个好妈妈，好妈妈!	你知道我有几个儿子吗？	不知道，你说吧!	1
我今年三十三了，你多大了啊？	我也是三十三岁，你呢？	你多大了？	我今年刚满十八岁，你应该比我大吧？	1
我今年参加高考，十八岁了。	你今年高考？那你现在在干嘛？	你知道我多大了吗？	不知道，我只知道你在干嘛。	1
那你今年多大了？	我90年的，你呢？	你今年几岁？	我已经22了，你呢	1
你好，有时间啊，我叫丽丽，怎么称呼你？	我叫小丽，你呢？	负责调查的人叫什么名字？	我叫王小丽，是一名记者。	1
你好，我是山东德州的，你是哪里的呀？	我是青岛的，你呢？	你是哪里人？	我是辽宁人，现在在青岛工作!	1
那你是治好了吗？	治不好了，我已经放弃治疗了	你痊愈了吗？	痊愈了，可是我不知道还能不能活着	3
嗯，看来你也经常来这里，你是佛教徒吗？	我不是，我只是喜欢这里。	看来你经常来这里。你不是佛教徒吗？	我是初学者，还在学习中。	1
我很努力的，我是个配音演员，会说六种语言。	你的声音很好听，我喜欢听你说话。	你知道我能说多少种语言吗？	不知道，我只知道你很漂亮。	1
我是一名会计，在会计事务所上班，	我也是会计，你是做什么的？	我从事什么行业？	你是做哪方面的呢？	1
好吧，那你现在在哪里生活呀，你家乡又是哪里呀？	我在广州，现在在广州工作。你呢？	你现在住在哪里？你的家乡在哪里？	我在深圳，我的家在广州。	1
你是哪里人啊？	我是湖南的，你呢？	你是哪里人士啊？	我是四川的，现在在湖南读书!	1
请问你是这个乐队的贝斯手吗？	是的，我是贝斯手	谁是贝斯手？	我是吉他手，你呢？	1
是挺不错的，那你是做什么工作的呀？	我是做策划的，你呢？	非常好。你是做什么的？	我是做平面设计的，你在哪里呢？	1
那你一般跑几个小时呢？	我一般都是6-7个小时左右!	你通常花多少小时？	我一般是5-6个小时!	3
我都七十岁了。	你比我大，你还有机会!	你知道我多大了吗？	不知道，不知道!	1
我孩子都19岁了，都不需要我照顾了。	那你要照顾我吗？	你知道我的孩子多大了吗？	不知道，我只知道你是我的妻子。	1
哇，挺不错的，那你们工作忙吗？	还好，你呢？	哇，很好。你忙吗？	忙啊，不过不忙的时候就想找你聊天	3
嘿嘿，谢谢你，你呢，上大学了吗？	是啊，马上就要毕业了，你呢？	嘿，嘿，谢谢。你呢？你上大学了吗？	是啊，我已经毕业了。	3
我今年刚成年，我是独生子女。	那就没什么好聊的了!	我什么时候才是成年人？	你还小，等你长大了就知道了!	1
在看小说越来越睡不着，你玩什么呢？	我也是，我在看电视剧。	在看小说书越来越睡不着，你玩什么呢？	我在看电影，最近都没什么好看的。	3
我是在大学都喜欢，到结婚还有两个孩子，依旧喜欢他们。	我也是!	我有几个孩子？	一个!	1
我是一名会计，你上班了吗？	我也是会计，上班了，你呢？	我是会计。你去上班了吗？	还没呢，还在找工作呢!	1
我是来自江西的，离得不算很远。	江西哪里？	你知道我是哪里人吗？	不知道啊，你是哪里的？	1
你是哪里人呀？	我是湖南人，你呢？	你是哪里人？	我是广东人，现在在广州工作!	1
我今年十六岁了。	我今年刚好十六岁，你呢？	你知道我多大了吗？	不知道，我只知道你比我大两岁。	1
我是东北来的，来这边旅游，想知道附近有没有什么好玩的，你是北京本地人吗？	我不是北京人，只是在这里上学而已!	你来自的城市叫什么名字？	我来自北京，只是住在这里!	1
我很喜欢飞儿乐队。	我也喜欢!	你知道我喜欢什么乐队吗？	不知道!	2
你多大开始学武术的呢？	我是16岁开始学的，现在已经大学毕业了。	你几岁开始学习？	我是14岁开始的。	3
我十五岁了，正在上高中。	我也是，不过我已经大学毕业了。	你知道我多大了吗？	不知道。	1
你今天也有什么打算吗？	我今天休息，明天上班，你呢？	你什么时候休息？	我明天休息啊，你要不要来找我玩？	3
是自己住了，希望大狗保护你吗？	是的，我很喜欢大狗，希望它保护我	我一个人住。你不想让大狗保护你吗？	想啊，可是我怕它咬我	2
我喜欢滑板，我基本上每个周末都会去和我的朋友们去滑板。	我也喜欢!可是我不会!	你知道我什么时候和朋友去滑板吗？	不知道!但是我知道你喜欢!	3
你很喜欢看这种书吗？	嗯嗯，很喜欢!	你很讨厌看这种书吗？	不喜欢，我只是喜欢看书而已!	2
我最好的朋友住在广州，她喜欢在阳台种菜，我最近来她家玩。	那很好啊!我也喜欢种菜!	你知道我最好的朋友来自哪里吗？	不知道!	0
我是大学新生，而且，秋天我就要去北京医科大学读书了。	那你现在在哪儿呢？	你知道秋天我要去哪里吗？	不知道，我只知道你在北京。	1
让人羡慕的学生时代，你上几年级？	我今年刚毕业，你呢？	你什么时候毕业的？	我是11年毕业的，现在已经工作了。	3
那你今天怎么不去训练呢？	我今天没去训练啊!	你什么时候去训练的？	今天下午啊!	3
没去过，但是听朋友们说过，你是北京人呀？	是的，我是北京的，你呢？	你是哪里人？	我是河北人，现在在北京工作!	1
我喜欢吃火锅，那我就先去重庆吧。	来吧，重庆欢迎你!	我先去哪个城市？	你想去哪儿就去哪儿!	2
你在那座城市居住生活呀？	我在北京，家在北京。	你的家在哪里？	我的家在安徽，现在在北京工作。	1
那你没有兄弟姐妹吗？	有啊，我有一个弟弟和一个妹妹	你没有兄弟姐妹吗？	没有，我是独生女	1
那你有兄弟姐妹吗？	有啊，我有两个哥哥，一个弟弟。	你有几个兄弟？	我有三个弟弟，一个妹妹。	1
《阿甘正传》是我最喜欢的电影。	我也很喜欢!	你知道我最喜欢的电影是什么吗？	不知道，你说说看!	2
我9岁了，上三年级了。	我9岁的时候也上了三年级	你知道我的年级是多少吗？	不知道	1
原来如此，我有一个孩子，他也喜欢吃火锅，对了，你多大了？	我是女的，27了。你呢？	女人的年龄是多少？	我是男的，你是女的？	1
不过我朋友都喜欢找我玩，因为我很会活跃氛围，是个暖男，俗称小太阳	我也是个小太阳!	你知道一个热情的人通常被称为什么吗？	不知道!	1
是因为你不喜欢洗衣服说你懒吗？	我洗衣服很勤快的!	是因为你不喜欢洗衣服，还说你很懒吗？	对啊!我很懒的!	1
但是我更喜欢林俊杰的歌。	我也喜欢他的歌!	你知道我更喜欢谁的歌吗？	不知道，我只知道我喜欢的人	2
我喜欢晚上出来散步。	我也喜欢!	你知道我什么时候出去散步吗？	不知道，我也不知道。	3
你有多少粉丝？	不多不多，就几十个而已!	有多少人？	不多，也就几百个吧!	1
嘿嘿，谢谢你，你呢，上大学了吗？	是啊，马上就要毕业了，你呢？	嘿，嘿，谢谢。你呢？你上大学了吗？	是啊，我上了一年了。	3
你喜欢看谁的电影啊？	我喜欢看的电影太多了，你呢？	你厌烦看谁的电影啊？	我不喜欢看电影，我喜欢听音乐。	2
我是个老师，现在在教八年级呢。	哇塞!老师好!我也是老师!	我的班级是几年级？	三年级，你呢？	1
那你总是一个人，不会感到孤独吗？	不会啊，我很享受一个人的生活。	那你永远都是孤独的。你不会感到孤独吗？	会啊，只是偶尔会觉得孤独。	3
那你们都从哪里买鞋啊？	我一般都是在网上买的	你们都在哪里买鞋？	我一般是在实体店买的	2
还没有想到做什么，你的工作是做什么的？	我是做财务的，你呢？	我还没想到该怎么办。你的工作是什么？	我也不知道，我也在找工作	1
是的，所有的时间都要根据老板的时间走，所以我没有多少时间去陪宠物，你工作应该不忙吧？	还好，我一般都是晚上下班后过来。	下班后你通常什么时候来？	我通常都是下午三点左右来。	3
我以前也很喜欢周杰伦，但是他的歌只有QQ音乐有版权，还得是会员才可以听。	我也是，现在都不知道去哪里听了	你知道我喜欢谁吗？	不知道，你喜欢谁？	2
那你喜欢看什么类型的电视剧呢？	我喜欢看破案的，不喜欢看古装剧	那你讨厌看什么类型的电视剧呢？	不喜欢古装剧，也不喜欢破案的	2
吃过了啊，你吃了没啊？	吃过了，你呢？	是的，有吗？	有啊，我还没吃呢!	3
我很喜欢徒步旅行，我登过很多山，还在华山下面买了一双粉红色的登山鞋。	呵呵，我也很喜欢爬山，不过爬山好累啊!	我在哪里买的粉色登山鞋？	呵呵，这个我就不知道了!	3
你是业余时间都会去健身房锻炼吗？	不是啊，我都是周末去的。	你通常什么时候去？	我一般都是晚上去，有时候下午去。	3
那你应该也不年轻了吧？	我永远18岁!	那你不年轻了，是吗？	是的，我已经老了!	1
我喜欢动物，我养了两只狗。	我也喜欢狗狗!	你知道我有几条狗吗？	不知道!	1
而且我超级喜欢秋天和冬天，再冷我也喜欢。	我也是!好喜欢冬天!	你知道我最喜欢什么季节吗？	我不知道!我只知道我喜欢夏天!	2
那你有没有准备去自学啊？	没有，我是想找人一起学的	你不打算自己学习吗？	我也想啊，可是我不知道去哪里学	2
那就不说纹身的事情了，说说你的事情吧，你平时上班忙不忙啊？	还好，不是很忙!	我们别谈纹身了。让我们谈谈你。你工作不忙吗？	忙啊，每天都忙死了!	1
我是北京大学毕业的。	北大青鸟？	你知道我在哪里毕业的吗？	不知道啊，你是哪个学校的？	1
这么厉害呀，那你自己有没有写歌呀？	有啊，我还写了几首歌呢!	你写歌了吗？	写了一首，还没发呢!	3
今年我刚好45岁，我现在正戒酒呢，医生说我现在这个情况已经不能再喝酒了。	你喝的是什么酒？能说说吗？	你知道我45岁是什么时候吗？	不知道，你告诉我吧!	1
你说的对，你是做什么的呀？	我是做外贸的，你呢？	你说得对。你是做什么的？	我是做平面设计的，你也是吗？	1
我住在上海的，你住在哪里呢？	我住在浦东，你呢？	你住在哪里？	我住在静安寺附近，你呢	1
我在一家公司做会计，你今年多大了？	我今年23了，你呢？	你多大了？	我今年24岁了，你应该比我大吧？	1
嗯嗯，不说这个了，你最近在干嘛呢？	在上班啊，你呢？	我们别谈这个。你最近在做什么？	我最近在找工作啊!	3
我小孩儿刚刚两岁，正是可爱的时候。	那就好，你也是个可爱的孩子。	我孩子的孩子多大了？	你的孩子还没出生呢。	1
你叫我小林就好了，张兰兰是你的真名吗？	是的，我叫张兰兰。	你叫什么名字？	我叫张翠花，你可以叫我翠花。	1
我今年30岁了，你是不是高中生啊？	我今年也30了，还没毕业呢!	我30岁了。你不是高中生吗？	我是说我还没上大学呢!	3
我现在很无聊，你方便和我说说话吗？	当然，你想说什么？	我现在很无聊。你方便和我谈谈吗？	不方便，我不想和你谈!	3
真巧我有两个哥哥，我是家里最小的他们都很照顾我。	那很好啊!你家人都很喜欢你!	你知道我有几个兄弟吗？	不知道，我只知道你有一个哥哥。	1
那你这也太难了吗？	不难啊，我很好说话的!	这对你来说太难了吗？	对我来说很难，因为我是个话唠!	2
对呀，你不会早就醒了吧？	没有，我七点就醒了，然后又睡了	你醒来的时候是什么时候？	六点多吧，我还没起呢	3
不过我很喜欢长跑，我每天都会跑一千米。	我也喜欢跑步，可是我跑不下来。	我每天跑多少公里？	不知道，没数过。	3
那你教几年级的啊？	三年级，你呢？	三年级的学生人数是多少？	我不知道，我教的是五年级。	3
我都四岁了它才一岁。	好吧，你赢了!	你知道我多大了吗？	不知道，我只知道你比我大	1
早上好，你这是要去哪里吗？	早上好!我要去上班了!	早上好你要去哪里？	我要去睡觉了!	3
是姐姐哦，你上高几啊？	高三了，你呢？	高中三年级是哪一年？	我是2003年毕业的，现在在哪里高就？	1
这么早，你是要去哪？	我现在在上海，你在哪？	你所在的城市在哪里？	我在北京，你呢？	1
我都已经结婚好多年了，我儿子都已经八岁了。	我还没结婚，你儿子几岁了？	你知道我儿子多大了吗？	不知道，我只知道他是我儿子。	1
那你是个女性啊？	我是男的!	你是女人？	我是女的!	1
我什么书都会看看，但是1984是我最喜欢的书。	我也喜欢!	你知道我读的那本书叫什么名字吗？	不知道!	2
我的工作是一名律师，你是干什么工作的啊？	我是律师，我在律师事务所工作。	我的劳作是一名辩护律师，你是干什么劳作的啊？	我是做律师助理的，你呢？	1
我是个军人，我妈妈还是我们这里的陆军护士呢。	哦，那你是医生吗？	我母亲属于哪个军种？	我不知道，我只知道她是个医生。	1
你好，你有什么爱好吗？	我喜欢看书，看电影，看书，逛街，逛街	你好，你没有什么爱好吗？	没有，我不喜欢逛街，我喜欢一个人	2
我很喜欢日本这个地方，特别是日本动画片，我超爱看。	我也喜欢!	我喜欢哪个国家？	你喜欢哪国？	2
我也玩的不太好，段位不高，你在看什么书呢？	我在看东野圭吾的《白夜行》	谁在看《白夜》？	我在看《白色巨塔》	3
我最近在练钢琴，准备考钢琴六级呢，你呢？	我也在学钢琴，不过还没开始。	我最近在练手风琴，准备考风琴六级呢，你呢？	我也是手风琴啊，不过是自学的。	3
是啊，确实有点困难，你也爬过华山是吗？	没有，只是去过一次华山。	你去过哪座山？	华山，爬了三次了。	3
你是哪里人呀？	我是湖南人!你呢？	你的国籍叫什么？	我的国籍？我不知道啊!	1
吃过了，你每天早上都跑步吗？	我一般是晚上跑，早上起不来。	是的，你每天早上都跑步吗？	我一般都是六点半起来跑步。	3
哦，是这样啊，你家小孩多大了？	我家小孩今年3岁了，你呢？	你孩子什么时候出生？	还有两个多月呢!	1
你养了一只奶牛？	没有啊，这是我朋友家的	你养了一只乳牛？	是啊，养了很久了	3
我喜欢的歌手是张碧晨，她的歌曲我都喜欢。	我也喜欢张碧晨	你知道谁是我最喜欢的歌手吗？	不知道	2
抱歉，我是一个素食主义者，你多大了？	我20岁了，我喜欢吃肉。	你多大了？	我22岁了，你呢？	1
我七岁了，不小了，不是小孩子了。	我知道，只是我想知道你的名字。	你知道我多大了吗？	不知道。	1
为什么这么说，你是做什么的？	我是做销售的，你呢？	为什么？你是做什么的？	我是做策划的，你也是吗？	1
我才十岁了。	我也才十岁，你多大了？	你知道我多大了吗？	不知道。	1
那你是不是喜欢看书呀？	我喜欢看小说!	你喜欢读书吗？	不喜欢，我喜欢睡觉!	2
还有就是去海口帮我妈妈卖椰子，还有一个最大的爱好就是买彩票，我已经花了很多钱买彩票了。	好吧，你赢了!	你知道我去哪里卖椰子吗？	不知道，我只知道你要去卖椰子	3
你现在参加工作了吗？	没有，我在北京，你呢？	你是哪里人？	我是河北人，现在在北京工作!	3
那你很喜欢警片吗？	我喜欢看这种类型的片子!	那你很厌烦警片吗？	还好，我比较喜欢看恐怖片!	2
就是，都什么时代了，你当兵几年了呀？	四年了!你呢？	就是，都什么纪元了，你当兵几年了呀？	两年多了!你在哪儿呢？	3
你高中毕业是要去卫校吗，还是在大学里边儿学这个专业？	我想去卫校，可是我不知道卫校是什么	你想上什么样的学校？	我也不知道，就是不知道	2
唉，不说这些了，你看起来好小，你现在多少岁了，有什么喜欢的东西吗？	我已经二十五岁了，我喜欢的是音乐，你呢？	你多大了？	我今年才满二十岁，你应该比我大吧？	1
对啊，你呢?你多大了?你的梦想是什么啊？	我今年24岁了，我的梦想就是希望我的家人身体健康!	是的，你呢？你多大了？你的梦想是什么？	我今年25岁了，希望家人健康平安!	1
看着很有精神气，你是运动员吗？	是的，我是一名足球运动员。	看起来很有活力。你是运动员吗？	不是，我是业余爱好者。	1
我在动物园呢，我很喜欢小动物，几乎每周周末我都会去一次动物园。	动物园有什么好玩的吗？	你知道我几乎每年什么时候去动物园吗？	不知道。	2
你都结婚了啊，那你嫁到哪里了？	还没呢，只是有这个打算!	你结婚了。你在哪里结婚的？	我在上海啊，你呢？	3
我是黑龙江齐齐哈尔市的。	我也是，你是哪的？	你知道我来自哪个城市吗？	不知道，我只知道你来自东北	1
好，我会去试试，对了，你今年多大了？	我今年26了，已经工作了，你呢？	你多大了？	我今年25岁了，你在哪个城市？	1
那你是哪的呢？	我是杭州的，你呢？	你是哪里人？	我是湖南人，现在在杭州工作!	1
我倒是很少吃芝士，对了，你知道蚱蜢能吃吗？	蚱蜢是什么？我只知道蚂蚱	我很少吃奶酪。顺便问一下，你知道蚱蜢能吃吗？	我不知道啊!我也很少吃啊!	2
我也不喜欢吃肉，我喜欢吃水果，你最喜欢吃的水果是什么？	西瓜，榴莲，香蕉，苹果，柚子，柚子。	我也不喜欢吃肉，我喜欢吃水果，你最厌恶吃的水果是什么？	榴莲，榴莲糖，榴莲千层，榴莲披萨。	2
我在给我种的花浇水，我很喜欢种花，在家里种了不少，你最近在忙啥？	我最近在准备考试，准备考教师资格证。	我在浇花。我非常喜欢种花。我在家里种了很多。你最近没干什么？	最近在学车，每天都要练车。	3
没错，我就是因为他们的才华才被吸引的，对了，我还不知道你有没有工作呢，你可以告诉我吗？	我有工作，不过我现在不做了。	是的，我被他们的才华所吸引。顺便说一下，我不知道你是否有工作。你能告诉我吗？	我现在还在找工作，等我找到了再告诉你。	3
你好！你现在在干吗？	我现在在火车上，准备回去了!	你好你现在正在做什么？	我在等火车，马上就到了!	3
没事的，你现在是已经工作了还是在上学呢？	工作了，你呢？	没事的，你现在是已经劳作了还是在上学呢？	我还在上学，呵呵!	1
我10岁了。	那就聊聊天吧，我也是10岁的小朋友	你知道我多大了吗？	不知道，你多大了？	1
那你们没有休息吗？	有啊，今天休息，明天上班!	你什么时候去上班？	明天去，后天上班，你呢？	3
我十九岁了呢。	我也是十九岁啊!	我多大了？	你应该比我大吧!	1
我家在绵竹市，我还很喜欢动物呢，特别是熊猫。	我也喜欢熊猫!	你知道我的家人来自哪里吗？	不知道!	1
你不觉得大自然很有乐趣吗？	我觉得你更有乐趣!	你不觉得大自然很有趣吗？	我觉得我更喜欢大自然!	2
我最喜欢成都了，去成都好多次了。	我也喜欢，来了就不想走了	你知道我最喜欢哪个城市吗？	不知道，你说说看	2
我喜欢韩国的女歌手IU。	我也喜欢	你知道我喜欢哪个韩国歌手吗？	不知道	2
可以的，你现在学的是什么专业啊？	汉语言文学，你呢？	是的，你现在主修什么？	我学的是汉语国际教育，现在在做翻译。	1
你听过黑豹乐队的歌吗？	听过，不过我不太喜欢他们的歌	你听过黑豹乐队的歌曲吗？	听过，我喜欢这个乐队	2
你好啊，我住在哈尔滨，你是哪里人？	我是哈尔滨人，在北京工作。	你是哪里人？	我是河北人，现在在北京。	1
你好，我叫张武，请问你叫什么名字啊？	我叫张生，你呢？	负责调查的人叫什么名字？	我叫张翔，这个名字是我起的。	1
你现在是上班了吗？	是啊，明天开始上班了，你呢？	你什么时候开始工作？	我还不知道，应该快了吧!	3
我养了一只三岁的狗和一只五岁的猫，它们陪我也不错	猫猫狗狗都很可爱!	你知道我养的狗多大了吗？	不知道，我只知道你养的狗很可爱	1
你正在干嘛呢？	我在看电视，你在干嘛？	是	我在看电影，你呢？	3
我的灵感来自于古典音乐，所以说，你有什么古典的音乐推荐给我吗？	古典的话，我推荐肖邦的夜曲。	夜曲是谁写的？	夜曲是莫扎特写的。	0
我还会谈晴天和菊花台呢，你喜欢这两首吗？	喜欢啊，我最喜欢的两首歌是《晴天》	你有多少首最喜欢的歌？	很多啊，你想听哪首？	2
那我可以推荐你听，对了你是干什么的？	我是学生，我在北京，你呢？	你是哪里人？	我是河北人，现在在北京工作!	1
你每天都打扫房间吗？	不，我只是偶尔打扫一下。	你每天打扫房间吗？	是的，我喜欢打扫。	3
哦哦，那你们一家店有多少人啊？	我们店里就我和我妈两个人	店里有多少人？	不知道，我没去看	3
我最喜欢的书是简·奥斯汀的《傲慢与偏见》。	我也喜欢这本书!	你知道《傲慢与偏见》的作者叫什么名字吗？	不知道，没看过。	0
好吧，我们这里还是七岁呢，你养了几只狗狗呀？	七岁了，还没开始养呢!	你多大了？	七岁半了，你呢？	1
不过好在我喜欢吃汉堡，这种快餐随时都可以吃上。	我也喜欢汉堡!	你知道我最喜欢吃什么样的快餐吗？	不知道，你说吧!	2
那你一般都怎么去那里呢？	我一般都是坐地铁去的，你呢？	你通常怎么去那里？	我一般坐公交，或者打的，或者坐公交。	3
我特别喜欢郎朗，我要成为他那样的音乐家。	我也喜欢他，他是我的偶像!	你知道我特别喜欢谁吗？	不知道，你告诉我吧!	2
我不是北京人，我是重庆人，喜欢吃川菜。	我也喜欢吃辣，不过更喜欢川菜!	你知道我来自的城市叫什么名字吗？	不知道，你告诉我吧!	1
听着你的口音，你应该是东北人吧？	我是东北的，你是哪儿的？	听着你的口音，你可能是东北人吧？	我是河北人，现在在北京工作!	1
嗯嗯，不说我了，说说你呗，你最近在干嘛呢？	我最近在忙着找工作呢!	不是我，是你。你最近在做什么？	我在做文员啊!你呢？	3
油画，我平时最喜欢就是上美术史课，那你平时喜欢干什么啊？	我喜欢看书，画画，看电影，看书	油画是我艺术史上最喜欢的课程。你通常不喜欢做什么？	不喜欢画画，也不喜欢听音乐	2
我很喜欢晚上听歌的。	我也喜欢!	你知道我什么时候喜欢听音乐吗？	不知道，你喜欢听什么？	2
我家住俄罗斯，就因为我和家人都喜欢比较冷一点的地方，然后我们就搬过来了。	哇!好棒!欢迎来我家玩!	你知道我的家人住在哪里吗？	不知道。	1
你是什么时候开始踢足球的呢？	小学三年级就开始踢了，现在都大学毕业了	你在几年级踢足球？	四年级，现在已经大四了	3
你在这里多长时间了？	我在这里快两年了，你呢？	你来这座城市有多少年了？	我从出生起就在这里了	3
你年纪很大了吗？	是啊，我都快奔三的人了!	你多大了？	我已经过了奔三的年纪了!	1
我还会谈晴天和菊花台呢，你喜欢这两首吗？	喜欢啊，我最喜欢的两首歌是《晴天》	你有多少首最喜欢的歌？	不知道，我只是喜欢听而已。	2
叫我小明就可以了，你叫什么？	我叫小黄!你呢？	就叫我小明吧。你叫什么名字？	我叫小蓝，你叫小黄吧!	1
你好可爱啊，你今年多大了呢？	我今年23了，你呢？	你多大了？	我是91年的，应该比你大吧!	1
我现在是一个新手小白，还打的不是特别好。	我也是新手，一起努力吧!	你知道现在谁是新手吗？	不知道啊!	1
你喜欢姜文的电影吗？	喜欢啊，他的电影我都喜欢	你不喜欢姜文的电影吗？	不喜欢，我喜欢文艺片	2
我是一个运动员，去年入选了国家队，经常回不了家。	那你在哪个城市呢？	你知道去年我被选为哪个队吗？	不知道。	3
我家里的两个小孩子也特别喜欢。	你家的是男孩还是女孩？	你知道我家有几个孩子吗？	不知道，你告诉我吧!	1
那你今天是因为不上班儿吗？	是啊，我今天休息，你呢？	你什么时候下班？	我已经下班了，现在在回家的路上!	3
我今年19岁了，过几天就是我的生日。	我也是19岁，生日快乐!	你知道我多大了吗？	不知道，你多大？	1
嗯嗯，听你说的这么有道理，你是也喜欢读书吗？	我喜欢看书，也喜欢思考!	嗯嗯，听你说的这么有道理，你是也厌恶读书吗？	不厌恶，只是不喜欢!	2
我是一个14岁的男孩。	你是男的还是女的？	你知道我多大了吗？	不知道，你是男生还是女生？	1
我今年二十五了已经不上学了，你多大了？	我也25了，我也不上学。	你多大了？	比你小一岁，今年刚毕业。	1
我喜欢张艺兴，因为有一次我在路上看见他了，很帅很绅士。	我也喜欢他!	你知道谁又帅又绅士吗？	不知道!	2
我平时喜欢运动，周末也会去健身馆的。	我也喜欢健身，可是我是男的	你知道我什么时候去健身房吗？	不知道，你在哪个健身房？	3
嘿嘿，你现在不用工作吗？	要啊，我现在在做自己喜欢的事!	嘿嘿，你现在不用劳作吗？	要啊，只是不喜欢而已!	2
那要努力学习哦，你学的什么专业？	我学的是信息管理与信息系统。	然后努力学习。你的专业是什么？	我是学计算机科学与技术的，你呢？	1
目前不知道找什么工作，你是做什么的呀？	我是做平面设计的，你呢？	我不知道目前该找什么工作。你是做什么的？	我是做网站的，你在哪个城市？	1
我最喜欢的乐队是盘尼西林乐队。	我也喜欢!	你知道我最喜欢的乐队是什么吗？	不知道!	2
希望是这样吧，你有孩子吗？	有啊，我有两个儿子，一个女儿。	你有几个孩子？	两个，一个男孩，一个女孩。	1
我不是，我是河南人，只不过现在住在深圳。	哦哦，那你是哪里人呢？	你知道我是哪里人吗？	不知道啊，你在深圳哪里啊？	1
你是干什么工作呢？	我是做建筑设计的!	你是干什么劳作呢？	我是做室内设计的，现在在一家设计公司上班!	1
那你在夏天散步的时候不热吗？	热啊!但是我喜欢夏天!	你喜欢什么季节？	冬天!夏天太热了!	2
我是女生哦，那你肯定就是男生了吧？	我是男的!你是女的？	我是女孩，所以你一定是男孩？	我是女的!你猜错了!	1
真不错，你今年多大了呀？	我今年25岁了，你呢？	太好了。你今年几岁？	我已经满22岁了。	1
我喜欢听音乐，最喜欢听周深的歌了。	我也喜欢听他的歌	你知道我最喜欢谁的歌吗？	不知道，你说说看	2
我看你这是到万达广场，你是去吃东西吗？	对啊，我在万达上班啊!	你在哪里工作？	万达附近，你呢？	1
我从十岁的时候就已经开始演戏了。	你演的是什么戏？	你知道我开始演戏的时候多大了吗？	我不知道。	3
你还没有孩子吧？	没有，我有个妹妹，她是我的好朋友!	你没有孩子，不是吗？	我有个女儿，她很可爱!	1
不过你现在多大啦，怎么你的妈妈还管着你呢？	我23了，我妈妈管我很严的	你多大了？	我21了，比你大一点	1
我叫张妍，你呢？	我叫李晓敏，你叫什么名字？	负责调查的人叫什么名字？	我叫李晨，你是哪个部门的？	1
我是在法学院学法学专业的。	我也是法学院的，你哪个院的？	你知道我主修什么吗？	不知道啊，你是哪个学校的？	1
我平常喜欢喝啤酒，我喝过各个国家的啤酒，加起来有35种不同的啤酒。	好吧，我也喜欢喝。	有多少种不同的啤酒？	好像有十几种吧，我只喝过一种。	0
你开饭店一年大概可以赚多少钱啊？	我不知道，我只知道我现在在做的事	你开餐饮店一年大概可以赚多少钱啊？	这个我不太清楚，因为我没有开过餐饮店	1
你的驾驶证考过了吗？	过了啊，科三考了两次	你通过了多少次考试？	两次，一次科三一次科四	3
喜欢呐！我家里就有两只狗。	我家也有两只，不过是公的。	我家有多少条狗？	不知道，反正都是公的	1
我也是，你是在工作还是在上学？	工作了，你呢？	我也是。你是在工作还是去上学？	上学，还有一年就毕业了!	1
你是不是也很喜欢看《快乐大本营》一类的节目？	是啊，我喜欢看快本!	你不喜欢看快乐夏令营什么的吗？	不喜欢，我不喜欢娱乐节目!	2
我在看蝙蝠侠，你喜欢看吗？	蝙蝠侠？没看过啊，好看不？	我在看蝙蝠侠，你厌烦看吗？	不啊，挺好看的啊!	3
你是啥时候开始跳舞的？	上学期，我是大一的时候就开始了。	你从哪一年开始？	不记得了，应该是初中吧。	3
那你最喜欢的是他们的哪一首歌呀？	都喜欢都喜欢!只要是他们唱的!	那你最讨厌的是他们的哪一首歌呀？	我不讨厌他们的歌，只是不喜欢!	2
挺喜欢的，你也是吗？	是的，我也喜欢聊天。	我喜欢。你不是吗？	我不是，我只是喜欢和你聊天而已。	2
哦，好吧，那你是什么工作呢？	我是做平面设计的，你呢？	你是做什么工作的？	我是做室内设计的。	1
你叔叔在商场推销火锅食材和底料，你喜欢吃火锅吗？	不喜欢，我不喜欢吃。	你叔叔在商场推销火锅食材和底料，你讨厌吃火锅吗？	不讨厌，我很喜欢。	2
我更喜欢喝百事可乐	我也喜欢!	你知道我更喜欢什么饮料吗？	我不知道，我只知道我喜欢你	2
怎么，你很忙吗？	不忙，只是想找个人聊聊天而已。	喔	喔什么喔，我可是很忙的。	3
我现在20岁啦。	我知道啊，我是说你可以来找我聊聊天	你知道我多大了吗？	你多大了？	1
我是石家庄的。	我也是，你在哪儿？	你知道我是哪里人吗？	不知道，我只知道你在北京	1
你是一个人在租房子吗？	是的，我自己一个人租了套房子	你不是一个人租房子吗？	我自己租了一套房子，还有个室友	1
对啊，你喜欢野营和户外活动吗？	喜欢啊，野营的感觉很好!	对啊，你讨厌野营和户外活动吗？	不讨厌，只是不喜欢而已!	2
我最喜欢的乐队就是花儿乐队。	我也喜欢他们!	我最喜欢的乐队是什么？	我也不知道，就是喜欢!	2
我今年12岁了。	我也是12岁啊，你哪年的？	你知道我多大了吗？	不知道，我只知道你比我大	1
对啊，那你是做什么工作的呢？	我是学生，在学校学习，你呢？	是的，你是做什么的？	我是做平面设计的，你呢	1
当然可以，你后天有时间吗？	有啊，我明天下午就回去了，你呢？	你什么时候回来？	明天上午就到了，你在哪儿？	3
我是一个14岁的男孩。	你是男的还是女的？	你知道我多大了吗？	不知道，我以为你是女的。	1
我喜欢跑步，而且我一年参加了两次马拉松	我也喜欢跑，可是我跑不动	你知道我一年跑几次马拉松吗？	我不知道，你可以告诉我吗？	3
我是山东人，家在青岛，离海边就10分钟路程。	我也是山东的，家在烟台。	你知道我的家在哪里吗？	不知道，我只知道你是烟台的。	1
喜欢呀，你喜欢看什么类型的电影？	我比较喜欢文艺片，你呢？	喜欢呀，你厌烦看什么类型的电影？	我不喜欢看文艺片。	2
看电影呢，你喜欢看电影不？	喜欢啊，我喜欢看恐怖片	看电影呢，你讨厌看电影不？	不喜欢，不喜欢看那些乱七八糟的	2
我在一家工厂上班，你呢？	我在北京，你在哪个城市？	你在哪个城市？	我在上海，你是做什么的？	1
我是一名老师，我在一所小学教五年级。	老师好!我也是一名小学五年级的学生!	你知道老师教什么年级吗？	不知道!	1
你在哪儿上学呀？	我在大连上学，你呢？	你在哪里学习？	我在沈阳上学，现在在大连工作。	1
我是做销售的，我以前在中粮工作。	哦哦，那你是做什么的呢？	你知道我工作的公司叫什么名字吗？	不知道啊，你是做哪方面的？	1
我不怎么看小说，你有什么好看的小说推荐吗？	我最近在看《天才基本法》	我不怎么看闲书，你有什么好看的闲书推荐吗？	我也不知道啊，最近都没怎么看书	3
我最喜欢的摇滚乐队是滚石乐队，我感觉他们非常完美。	我也喜欢他们!	你知道我最喜欢的摇滚乐队是什么吗？	不知道，你知道吗？	2
你说的对，你是做什么的呀？	我是学生，我在北京，你呢？	你是哪里人？	我是河北人，现在在北京工作!	1
你生活挺丰富的嘛，你工作了吗？	还没呢，还在找工作中，你呢？	你过活挺丰富的嘛，你劳作了吗？	还没有呢，要等到明年才有时间呢!	1
我没事还会听听钢琴曲，郎朗是我最喜欢的音乐家。	我也喜欢!	你知道谁是我最喜欢的音乐家吗？	不知道，我只知道你是我的偶像!	2
我是在北京上大学呢。	哦，好吧，你是北京哪个学校的？	你知道我在哪里上的大学吗？	不知道啊，你是哪个大学的？	1
你听过黑豹乐队的歌吗？	听过，不过我不太喜欢他们的歌	你听说过黑豹吗？	听过，很喜欢!	2
我是山东威海的，就是民事纠纷，本来可以胜诉的，输了，所以很难受。	我也是威海的!你是哪里的？	你知道威海在哪个省吗？	不知道啊!	1
那就不说纹身的事情了，说说你的事情吧，你平时上班忙不忙啊？	还好，不是很忙!	我们别谈纹身了。让我们谈谈你。你工作不忙吗？	忙啊，忙得都快死了!	1
刚吃完你吃了吗？	吃完了，你呢？	刚刚结束。你吃了吗？	还没，等下去吃!	3
你好呀，你是下班了吗？	是的，我下班了，你呢？	你好呀，你是放工了吗？	是的，今天休息，明天开始上班!	3
你在做什么呀？	我在跟你聊天呀!	你在做什么？	我在找你呀!	3
我还喜欢每天晚上在电视上看新闻。	我也喜欢!	我什么时候看电视新闻？	你看电视的时候，我在看电视。	2
那你现在是也在工作还是是个全职妈妈？	我还在上学呢!	你现在是在工作还是在家当妈妈？	在家里当妈妈!	1
不吃肉真的能瘦吗？	可以的，我就是不吃肉，瘦了10斤	你减掉了多少公斤？	十公斤吧，我也不知道	3
你家有很多狗狗吗？	我家有两只狗，一只公的，一只母的。	你家有几条狗？	2只，都是公的。	1
你也要当演员嘛？	当然不是，我只是来找你聊天的	你也要当演员吗？	当然，我是演员，你呢？	1
我是河南的，现在住在上海。	我也在上海，你在上海哪个区？	你知道我是哪里人吗？	不知道，我在上海郊区，你呢？	1
我也是，每周都去，你的车是什么样子的啊？	我的车是捷安特atx-5	你的车叫什么名字？	我的车叫帕萨特，你的呢？	1
我喜欢动物，我觉得猫咪和小狗都特别可爱，我家有两只狗和一只猫。	我也喜欢猫咪和狗狗!	我家有几条狗？	好像有四条狗!	1
在的哦，你多大了？	我25了，你呢？	哦，你多大了？	我也不知道，我只知道我比你大	1
那你怎么不在网上买下呢？	我不知道怎么买啊!	那你为什么不在网上买呢？	我没钱啊!	1
那你教几年级的啊？	三年级，你呢？	三年级的学生人数是多少？	我不知道，我没教过学生。	3
我几年15岁了不要嫌弃我小哦。	不嫌弃你小，我也是15岁	你知道我多大了吗？	不知道，我只知道你比我小	1
我在看电视，看的是《创造营2020》，你有看过这个节目吗？	我也在看这个，好看!	我在看电视，看的是《创造营2020》，你有看过这个剧目吗？	没看过，我去搜搜看!	3
我喜欢在周末骑自行车。	我也喜欢!	你知道我什么时候喜欢骑自行车吗？	我不知道，我只知道我喜欢你	2
还有就是去海口帮我妈妈卖椰子，还有一个最大的爱好就是买彩票，我已经花了很多钱买彩票了。	好吧，你赢了!	你知道我去哪里卖椰子吗？	不知道，你告诉我吧!	3
美女你是哪里人呀？	我是重庆的，你呢？	你是哪里人？	我是四川人，现在在重庆工作!	1
这样啊，那你每次骑多长时间呢？	我一般都是骑一个小时左右。	你每次骑多长时间？	我一般骑半小时就可以了。	3
昨天我一个人过了18岁生日，而且两个月前我才跟男朋友分手。	为什么分手啊？你多大了？	你知道我18岁生日是什么时候吗？	不知道。	1
你很喜欢打乒乓球吗？	是啊，我很喜欢乒乓球的!	你很讨厌打乒乓球吗？	是啊，很讨厌的!	2
我是一名硕士，我学的是意大利文。	我也是硕士，你在哪个学校？	你知道我学什么语言吗？	不知道啊，你是哪个大学的？	1
我是北京本地人，北上广都是快节奏，我下班都会去遛我的卷毛狗，它叫油条，那个时候才觉得整个人轻松了。	我也是北京人，我家狗也叫油条	你知道我是哪个城市的人吗？	不知道啊，你是哪里的？	1
中国的四大名著你都看过吗？	看过一点，没看完。	你看过中国四大名著吗？	没有，好看吗？	3
我是一个喜欢运动的山东人。	我也是山东人，我也喜欢打篮球	我住在中国的哪个地区？	我也不知道，我只知道我在山东	1
我也喜欢春天，阳光明媚，鸟语花香。	我喜欢夏天，冬天太冷了!	你知道我喜欢什么季节吗？	秋天，秋天是最好的季节!	2
我喜欢毛不易和五月天，这是我最喜欢的歌手和乐队。	我也喜欢五月天!	你知道我最喜欢的乐队之一是什么吗？	不知道!	2
你刚才说你从福利院出来，你是在福利院工作吗？	不是，我是来找我妈妈的。	你刚说你从福利院出来。你在福利院工作吗？	是的，我在这里工作。	1
我是山东济南的，你是哪的？	我是北京的，你呢？	哦？	你是哪里人？	1
主要是没精力了，每天养他们就已经很累了，你没有养宠物吗？	没有，我现在住的地方没有宠物	主要原因是我没有精力。我厌倦了每天抚养他们。你没有宠物吗？	有啊，可是我不喜欢养宠物	1
来一罐我最喜欢的百事可乐。	好的，请给我一罐可乐，谢谢!	你知道我最喜欢的饮料叫什么名字吗？	不知道，你说吧!	2
是的，这总能让人哈哈大笑，你最近有什么烦恼吗？	最近烦恼就是不知道自己要什么	是的，它总是让人发笑。你最近有什么问题吗？	没有啊，就是觉得自己想要的太多了	2
我今年已经四岁了。	我今年也四岁了，你呢？	你知道我四岁是什么时候吗？	不知道，你几岁了？	1
但我更喜欢的是C罗。	我也喜欢c罗	你知道罗纳尔多是谁吗？	不知道	0
你在学校学习的是什么专业呀？	我是学化学的，现在在做生物方面的工作。	你在学校学的是什么专业？	生物科学与工程，化学工程与工程。	1
我今年12岁了。	我也是12岁啊，你哪年的？	你知道我多大了吗？	不知道啊，你多大啊？	1
我今年29岁了，我在一家大学教生物呢，你呢？	我今年刚毕业，在一家很小的公司上班。	你什么时候毕业的？	去年毕业的，现在在一家小公司工作。	3
好的哈，你喜欢哪款的车？	我喜欢兰博基尼!	好的哈，你喜欢哪款的车子？	我喜欢法拉利!	2
你不喜欢看书吗？	我喜欢看小说，你呢？	你喜欢读书吗？	不喜欢，我只喜欢看电视	2
你开的是什么车？	我开的是玛莎拉蒂	你开什么类型的车？	我开福特福克斯，怎么了？	1
哇塞，你养那么多狗狗啊，你是做什么工作的？	我是卖狗的!	哇塞，你养那么多狗狗啊，你是做什么劳作的？	我是做室内设计的!	1
我也是，你是哪里人啊？	我是四川的，你呢？	你来自哪个国家？	我来自遥远的大洋彼岸!	1
为什么这么说，你是做什么的？	我是做销售的，你呢？	为什么？你是做什么的？	我是做设计的，你在哪个城市？	1
我上中学了，我今年14岁。	我也是14岁!	你知道我多大了吗？	不知道!	1
我比较喜欢菊花，它在秋天开放太美了，秋天也是我喜欢的季节呢。	你喜欢秋天，我喜欢冬天。	你知道菊花在什么季节开放吗？	不知道。	0
是的，你在哪里上学啊？	我在北京上学，你呢？	你在哪里学习？	我在天津上学，现在在北京工作!	1
你平常喜欢出去吗？	喜欢啊，很喜欢啊!	你通常喜欢出去吗？	我不喜欢，我喜欢宅在家里。	2
你好啊，你多大了呢？	我是90年的，你呢？	你好，你多大了？	我是89年的，比你大一岁!	1
浙江的，我连大学都是在本地上的，你家哪儿的哇？	我家是浙江的。我家在杭州。	你的家在哪里？	浙江温州的一个小县城。	1
你好，我叫赵武，你叫什么名字？	我叫赵杰，你呢？	你好，我叫赵武。你叫什么名字？	我叫赵恒，你呢!	1
那要努力学习哦，你学的什么专业？	我学的是信息管理与信息系统。	然后努力学习。你的专业是什么？	管理科学与工程，你呢？	1
我也是喜欢小猫呢，我养了两只小猫呢。	我也养了一只，不过是公的。	你知道我有多少只小猫吗？	不知道，我只养过一只。	1
我是海口人，我的出生地在海口。	那就很巧了!我也是海南人!	我出生在哪里？	你出生在海南的哪个地方？	1
我是北京大学的新生，我的爱好是摄影，所以打算学这个专业	我也是北大的新生!	我在哪里读大一？	你是哪个学校的？	1
哇，好厉害，你当海军有多长时间了？	两年多了，你呢？	哇，太棒了。你在海军服役多久了？	一年多了。	3
你开的是什么车？	我开的是玛莎拉蒂	你开什么类型的车？	我开的都是普通的车	1
不累，别总说我了，你是做什么工作的？	我是做通信行业的，你呢？	不累，别总说我了，你是做什么劳作的？	我是做软件开发的，现在在一家互联网公司上班!	1
你不用出去工作吗？	要啊，这个月底就回去了	你什么时候回去？	这个月20号左右吧，你呢？	3
你有多少粉丝？	不多不多，就几十个而已!	有多少人？	很多，只是你不知道而已	1
这样啊，啊对了，不知道你是做什么的？	我是做销售的，你呢？	对了，我不知道你是干什么的？	我是做平面设计的，你是做哪方面的？	1
哦，是这样啊，你家小孩多大了？	我家小孩今年3岁了，你呢？	你孩子什么时候出生？	预产期是2月29日。	1
我是忙过去那一阵儿了，周一早上开会开了俩小时，开完就没啥事儿了。	好吧，我以为你是来找我的。	会议在一周的哪一天持续了两个小时？	周二到周五，连续两天。	0
你看的什么电影呀？	我看的是《我想和你好好的》	你看的什么影片呀？	《再见，我们的幼儿园》	3
对，我挺喜欢安静，还没有自我介绍，我叫张红，你叫什么？	我叫王红，你呢？	你叫什么名字？	我叫李红，你也叫王红吗？	1
嘿嘿，那当然啦，我很喜欢动物的，你喜欢吗？	我喜欢狗，不喜欢猫!	嘿嘿，那当然啦，我很喜欢动物的，你厌恶吗？	不厌恶，只是不喜欢!	2
我是个室内设计师，客户一般晚上才有空，需要随时联系客户的。	好的，谢谢!	你知道顾客通常什么时候有空吗？	这个不知道，我不是做设计的。	0
你都有孩子了吗？	没有啊，我是说你来找我玩!	你有孩子吗？	有啊，怎么了？	1
还可以，不经常听，你有喜欢的歌手吗？	没有，我喜欢的都是老歌	好吧，不经常。你有最喜欢的歌手吗？	最喜欢周杰伦，陈奕迅，五月天	2
好吧，那你不准备找工作吗？	不找了，这个月底就回去了	你什么时候回去？	还不知道呢，到时候再看吧	3
我是一名学法律的研究生，今年刚毕业。	好吧，那我就不打扰你了。	你知道我什么时候毕业的吗？	不知道，你是哪个学校的？	3
我也听说过，那里很纯净，你没有工作吗？	有工作，不过不是我想要的那种。	我也听说它是纯的。你没有工作吗？	没有，我不想做这个。	1
不累，别总说我了，你是做什么工作的？	我是做通信行业的，你呢？	不累，别总说我了，你是做什么劳作的？	我是做软件开发的，你也是吗？	1
我今年28岁，看来我比较小一点。	我也是28岁的老女人了!	你知道我28岁是哪一年吗？	不知道，我只知道我是90年的	1
周末的时候我喜欢去健身，这样有空余的时间不影响我其他的事情	我也喜欢健身，可是我是男的	你知道我什么时候去健身房吗？	不知道，我也想去	3
你儿子在哪当兵呢？	我儿子在北京当兵呢，你在哪呢？	你儿子在哪里？	我儿子不知道在哪呢!	1
你是哪里人呀？	我是湖南人，你呢？	你是哪里人？	我是四川的，现在在湖南读书!	1
你养了一只猫呀？	对呀，养了快两年了	有多少年了？	4年多了，你家的是公的还是母的？	1
是啊，你是做什么的啊？	我是做电商的，你呢？	是的，你是做什么的？	我是做外贸的，你在哪个城市？	1
我今年30岁了，你是不是高中生啊？	我今年也30了，还没毕业呢!	我30岁了。你不是高中生吗？	我是啊，我今年才毕业的!	3
哦，那你打算出去玩吗？	不知道啊，还没定，你呢？	哦，你要出去玩吗？	是啊，去哪玩啊？	3
也还好啦，这次是运气好，对了你还在上学吗？	是啊，还在读书，你呢？	也没关系。这次我很幸运。顺便问一下，你还在学校吗？	我已经毕业了，现在在广州工作。	1
我是河南人，你哪里的？	我是河北的，你呢？	我来自河南。你从哪里来的？	河南南阳的，你也是吗？	1
我现在很无聊，你方便和我说说话吗？	当然，你想说什么？	我现在很无聊。你方便和我谈谈吗？	不方便，我不知道该说什么。	3
我也这么觉得，你平时喜欢干什么呀？	我喜欢看书，喜欢看电影，喜欢旅游，喜欢一个人旅行。	我也这么觉得，你平时讨厌干什么呀？	讨厌睡觉，讨厌看书，讨厌逛街。	2
你多大了，还没有男朋友？	我23了，没男朋友，你有吗？	你多大了？	我是90年的，你呢？	1
我是英语专业的，今年上大一了。	我也是，你是哪个学校的？	你知道我什么时候是大一新生吗？	不知道，我也是新生	3
我每天晚上都会跑步，你每天会走多长时间？	我一般都是晚上跑，早上起不来。	你通常什么时候跑步？	晚上7点左右，早上6点左右。	2
你好，我叫赵武，你叫什么名字？	我叫赵杰，你呢？	你好，我叫赵武。你叫什么名字？	我叫赵婷。你呢？有什么事吗？	1
我都30多岁了。	我也30多了，你在哪个城市？	你知道我多大了吗？	不知道，你说吧!	1
那你玩消消乐吗？	消消乐是什么？	诶呀	我知道消消乐，可是我不知道怎么玩	2
我今年18岁，是最小的一个，家里还有姐姐和哥哥。	我也是18岁的小朋友!	你知道我多大了吗？	不知道!	1
好，我会去试试，对了，你今年多大了？	我今年26了，已经工作了，你呢？	你多大了？	我今年27了，比你大不了几岁!	1
嗨，朋友，你袋子掉了一个，你为什么要买这么多冬天的衣服？	因为我喜欢冬天啊!	你喜欢什么样的天气？	我喜欢夏天，冬天太冷了!	2
那你之前学的就是法律学专业吗？	不是，我学的是汉语言文学	你以前学过法律吗？	没有，我是理科生，只是喜欢看书	1
那你们没有休息吗？	有啊，今天休息，明天上班!	你什么时候去上班？	现在就在上班了，你呢？	3
我6岁的时候学过钢琴，你学习好吗？	我六年级就开始学钢琴了。	你开始学钢琴的第一个年级是什么时候？	小学二年级。	3
不太喜欢，你还是个知识青年，你喜欢看什么书？	我不喜欢看书，我喜欢看电影!	我不太喜欢。你还是个年轻的知识分子。你喜欢读什么书？	我喜欢的书太多了!	2
那真巧，你在哪里工作呢？	我在北京，你呢？	那真巧，你在哪里劳作呢？	我在上海，你在北京做什么工作？	1
我有两只猫，因为我的两个孩子都挺喜欢猫的。	我也喜欢猫!	我有多少只猫？	不知道，我只知道我有一只猫!	1
这么早都下班了？	对啊，八点半就下班了，你呢？	你通常什么时候下班？	我一般都是六点半下班。	3
我是一名软件工程师，我是一毕业就进搜狗这个公司实习了，我现在属于转正了。	搜狗是什么公司？	你知道我作为实习生加入了哪家公司吗？	不知道。	3
对哦，我现在还是个学生，你已经上班了吗？	我也是学生啊，你在哪个学校？	对哦，我现在还是个学生，你已经放工了吗？	还没呢，明天才放，你在哪里上班？	1
那你假期都喜欢做什么呀？	我喜欢宅在家里，看书，看电影	你假期喜欢做什么？	我喜欢睡觉，不喜欢宅着	2
是你的家人给你过的18岁生日吗？	是的，我18岁了!	你多大了？	我今年21岁了，你呢？	1
那看来你肯定比我大不少吧？	我93的，你呢？	你多大了？	我92年的，你应该比我大吧？	1
