可以啊，不过我要怎么让你看到它们呢？	你在哪里啊?我在郫县这边,你呢?	是的，但是我怎样才能让你看到它们呢？	我在犀浦,你在哪儿呢?	1
我是程序员，我的智商是250。	你这智商250,我这智商负250	你知道程序员的智商是多少吗？	不知道,但是你不是250	1
我啊，我喜欢听，我喜欢听周杰伦的歌。	我也喜欢,不过他结婚了,唉,	你知道我喜欢听谁的歌吗？	不知道啊,谁?	2
你多久打一次？	一个星期打三次	你多久打一次电话？	一天一次,一次半小时	3
好吧，你是哪里人呀？	我是大河南的	你是哪里人？	哦,我是山东的	1
我是负责帮顾客推荐房子的，每天都要在门口站一天迎接顾客。	你在哪里卖房子?	你知道一周有多少天我必须站在门口迎接顾客吗？	不知道,我又不卖房子,我想去买房子而已,你卖什么类型的房子	3
那你是要换工作吗？	想,但不知道要换什么样的	你打算换工作吗？	我是不太想换工作的	2
我最喜欢的乐队是五月天，我觉得他们都特别有才华。	我的男神也喜欢五月天的说,	你知道我最喜欢的乐队是什么吗？	不知道唉,	2
是的，你们青岛那边是不是好多地方都可以钓鱼？	我是青岛的,在青岛工作,在家里不好钓,水库都有人看着	你是哪里人？	我是河北沧州的	1
我今年16岁。	你是想说我老了吗	你知道我16岁是什么时候吗？	不知道啊,难道是去年?	3
那平常是不是有很多人去你的录音室录歌吗？	不多,都是学生,都有自己的私人时间	很多人经常去你的录音室录歌吗？	嗯,有很多,但都是我的朋友	3
我不太喜欢运动，我最喜欢唱歌，我最喜欢的乐队是滚石乐队。	不喜欢运动的人都瘦	你知道我最喜欢的乐队是什么吗？	不知道,我喜欢的是五月天的温柔	2
是的，所以不要过分的贬低自己，那你是做什么的呢？	我是做护肤品的,你呢?	是的，所以不要太轻视自己。你是做什么的？	我做的服装	1
哦，你还是一个学生呀？	是的,我是学生	哦，你还是一个学习者呀？	学习者?怎么可能	1
我是广东的，现在住在西二旗。	西二旗在哪	你知道我住在哪里吗？	不知道啊,所以问你在哪啊	1
是吗，那你多大了啊？	22岁了,你呢?	真正地你多大了？	我比你大,24了	1
我很喜欢周末去看电影，你喜欢看什么综艺？	跑男,极限挑战	我很喜欢周末去看电影，你厌烦看什么综艺？	极限挑战,还有跑男	2
这个确实是很有意义，你常去做志愿者吗？	不是,这次是第一次,以后会常去的	你第一次去那里是什么时候？	去年十一月份吧	3
我是河南的，现在住在上海。	上海哪里,我在浦东新区这边,有时间可以一起出来玩啊	你知道我是哪里人吗？	不知道,河南的吗	1
可以呀，你现在工作不忙吗？	不忙,我辞职了,你还在北京呢?	你还在哪里？	我在北京呢,还没辞职呢	3
我不去健身房，我还是喜欢骑自行车还有晨跑，周末跟朋友去爬山，要不要一起啊。	我喜欢晚上去健身,早上起不来	你知道我什么时候和朋友去远足吗？	不知道啊,什么时候	3
那就好，你做的什么工作？	做过很多,现在在一家公司做采购	那很好。你是做什么的？	我是做销售的,不过之前也做过采购	1
我还没呢，你吃饭了吗？	还没,我也没吃	我没有，你吃过了吗？	吃了,都快睡了	3
我喜欢端午节，我和男朋友是在端午节认识的。	你男朋友和我一天生日	你知道我喜欢什么吗？	不知道,你说吧?	2
是呀，你也是学生呀？	对啊,在成都上学呢,你呢	你在哪里上学？	我在河南洛阳	1
30了，你一定还小吧？	不小了,25了	你一定很年轻吧？	嗯,还很年轻,我都24了	1
那你最近可要注意一点啦，吃过药了吗？	吃药了,今天感觉好多了	你什么时候感觉好些？	昨天就好很多了	3
可是我还是想上学，我才16岁就要出去找工作。	我也想去学校,但我妈不让	我多大了？	我不知道,你自己告诉我	1
你经常去健身房吗？	以前经常,现在不怎么去了	你经常来健身房吗？	不经常去,我一般自己在家练	3
我现在在乐队是一名吉他手，你呢，是做什么工作的？	我是卖辣条的	我现在在乐队是一名吉他手，你呢，是做什么劳作的？	我是搬砖的啊	1
我是广东的，现在住在西二旗。	西二旗在哪	你知道我住在哪里吗？	不知道,我是路痴	1
我比较喜欢自己一个人看书，《绿山墙的安妮》这本书我已经看了五遍了。	看了一遍,觉得太难懂了,看不懂	你知道我读了五遍谁的书吗？	不造,是三毛的?	3
我还没有毕业呢，我才19岁呢。	我也还没毕业,不过我大三了	你知道我多大了吗？	不知道,你说嘛	1
我家孩子太小了，不能养动物，我们以前养了只叫大福的金毛猎犬，感情挺深的，不舍得卖，你看大哥你家能养吗？	我有两条萨摩了,不想在养了	你有多少萨摩斯？	我就养了一个	1
可以问一下你现在是做什么工作的吗？	在一个企业做管理,你呢?	请问你现在做什么？	我现在在家里做点小生意	1
这种骗人的东西你还相信啊？	我也不知道为什么,我就信了	这种坑人的东西你还相信啊？	没被坑过,也没被骗过,就是不信而已	2
那你也是玩乐队的咯？	以前是吉他,现在不玩了,玩了6年	你弹吉他有多少年了？	小学开始,现在大四了	3
我从四岁起就开始练习打球了，直到现在，已经养成习惯了。	我从出生就开始打台球了	你知道我开始练习的时候多大了吗？	不知道,反正我从小就会了	3
我已经退休了，今年53岁了。	你是不是姓张?	你知道我多大了吗？	你说了我就知道了,你是不是?	1
我是广东的，现在住在西二旗。	西二旗在哪	你知道我住在哪里吗？	你不说你住哪我怎么知道	1
我喜欢养狗，而且我因为养狗认识了我的第一和第二任妻子。	我喜欢猫,也喜欢狗	你知道因为狗我遇到了哪位妻子吗？	我想我应该不知道	3
我是海口人，我的出生地在海口。	海口是哪?	我出生在哪里？	不知道,问你父母	1
我36岁了。	你是哪的,怎么联系你,我是真心找对象,你可以和我聊聊	你知道我多大了吗？	不知道啊!你多大啊?	1
那你都是怎么打发时间的呀？	看书,玩手机,玩电脑,睡觉	那你都是怎么打发日子的呀？	我也不知道,反正时间过得好快	2
我早上喜欢做一个三明治和一杯豆浆。	三明治的话,我觉得你可以再加一杯咖啡	你知道我喜欢什么时候做三明治和一杯豆浆吗？	不知道,难道你要告诉我吗	2
我是个会计，在会计事务所上班呢。	事务所工作怎么样?你觉得会计有前途吗?	你知道我从事什么行业吗？	我是学金融的,不知道去事务所怎么样?	1
这样啊，你的宠物是什么呀？	小乌龟,养了一年多了	你的宠物是什么？	我还没有养	1
这样啊，那你拿过最大的奖是什么呀？	全国大学生数学竞赛二等奖	这样啊，那你拿过最小的奖是什么呀？	没有什么奖	3
那你的父母都是东北人吗？	我妈不是,我爸是,但他说东北话也听不懂	你的父母来自中国东北吗？	是啊,我爷爷也是	1
我听的《灰姑娘》啊，这几天特别喜欢听。	你听的那个我也挺喜欢的	你知道我听的那本书叫什么名字吗？	我不知道,你告诉我呗	3
我听的《灰姑娘》啊，这几天特别喜欢听。	你听的那个我也挺喜欢的	你知道我听的那本书叫什么名字吗？	我没听过书,我都是听的歌,不知道书名,你知道嘛	3
那你有什么喜欢做的事情吗？	有啊,我就喜欢玩游戏,哈哈哈	那你有什么厌恶做的事情吗？	不,我最讨厌的就是玩游戏	2
这样啊，那你找到了有关于市场营销的工作了吗？	我不是市场营销专业的,所以没有从事这一行	这样啊，那你找到了有关于市场营销的劳作了吗？	找到了,我现在的工作就是	1
我是我家的老大，我有两个弟弟。	我也是,我家就我和我弟	你知道我有几个兄弟吗？	不知道,你说了我就知道了	1
你现在是做什么工作呢？	我现在在一家外企做财务,你呢?	你现在是做什么劳作呢？	我现在是在做人力资源方面的工作	1
我是伊川的，你是男生还是女生呀？	我是女生,你也考洛阳师范的研究生吗?	你在哪里读研究生？	我是男生,在洛阳理工	1
谢谢你！你是什么工作的呀？	我是一名小小的文员,你呢?	谢谢你！你是什么劳作的呀？	我是做设计的,我也有很多爱好,我喜欢做手工制品	1
这周末是我值班，我在一家医院工作呢，是一名医生。	医生,你的职业是我的梦想,你觉得医生的工作好吗?	你知道我什么时候值班吗？	我不知道,你告诉我啊	3
我家的是女儿，还好，你的孩子多大了？	我女儿现在两岁三个月了	你女儿多大了？	哦,我女儿是一岁八个月	1
真为你高兴，你在哪所学校教书啊，难不成跟我一样是教历史的？	我不教书,我是做生意的	喔	你是哪的,你也在做生意吗	1
我又把我最喜欢的电影澳门风云看了一遍。	我昨天也看了	我看了什么电影？	澳门风云2?	3
好吧，你今天不用工作吗？	今天休息,你要上班吗?	你今天不想工作吗？	工作啊,现在就在工作	3
美女啊，我今年都奔三了，那你多大了？	我也奔三	对唉	你是90年的吗?	1
你是才刚下班儿吗？	对啊,刚到家	你刚下班吗？	我还没下班呢,还在办公室坐着	3
哦你喜欢音乐呀，那你喜欢哪个歌手呀？	喜欢的很多,最喜欢的还是周杰伦啦	你最喜欢什么？	没有最,只有更,没有特别喜欢的歌手,都很好	2
真好，你是自己去吗？	我和我闺蜜一起去的	太好了。你一个人吗？	是的啊,我一个人去的	3
我喜欢喝咖啡，尝试过各种咖啡，而且我冰箱里现在就有五种不同口味的咖啡。	我最喜欢的是黑咖啡,苦死了	我冰箱里有多少种不同口味的咖啡？	我不知道,你去看看呗	2
你最喜欢什么样的季节呀？	夏天,因为有大白腿	你最喜欢什么样的时节呀？	春天和秋天	2
哈喽，我住在深圳，你是哪里人？	你好,我是广西的	你是哪里人？	我是广东人,现在在深圳	1
我儿子7岁了，都上小学了。	我儿子8岁了	我儿子多大了？	你儿子不知道在哪呢	1
还行吧，你呢你是做什么工作的？	我是在厂里工作的,一天上班12小时	你每天工作多少小时？	我一天工作八个小时	3
我是一个14岁的男孩。	我是16岁的女孩	你知道我多大了吗？	不知道,但我知道你比我大	1
你在咖啡店打工吗？	是啊,你来过吗?	你在咖啡馆工作吗？	没有,我也喜欢咖啡,你在哪家咖啡店?我以后有空去看看	1
我平常工作之余就喜欢晚上散散步，你喜欢散步吗？	我喜欢在人最多的地方散步	我通常喜欢在晚上下班后散步。你不喜欢走路吗？	还好吧,看心情	2
我之前也是个当兵的，当了五年兵，退役了。	当兵五年了?	你知道我当兵多少年了吗？	不知道,我只知道你当了两年兵	3
你刚刚说出门多锻炼锻炼，是准备锻炼肌肉吗？	是啊,我有六块腹肌	你有多少腹肌？	我有一整块腹肌	1
我喜欢听音乐，我最喜欢的音乐家是郎朗。	你可以试着去听一下他们的钢琴,钢琴的声音是真的很好听	你知道谁是我最喜欢的音乐家吗？	我只知道我的最喜欢	2
看来你是真的很喜欢当老师呀，你平时业余时间都喜欢做什么？	我业余时间做的唰单,一个月也就四五千	看来你是真的很喜欢当老师呀，你平时业余时间都讨厌做什么？	不喜欢做老师	2
我虽然没有兄弟姐妹，但我有三只猫，还喜欢去国外旅游。	我有两只猫	你知道我有多少只猫吗？	一只猫一条狗	1
我今年才十岁，明天就要开学了。	明天开学?我都开学半个月了,好吗?	你知道学校什么时候开学吗？	不知道,不过我知道我已经开学了,就行	3
我喜欢跑步，我喜欢在晚上跑步。	你是大一的?我也爱跑步,不过我是早上,晚上不太安全	你知道我喜欢什么时候跑步吗？	你喜欢早上	2
你多大了，还在上学吗？	我不上学了,我今年22了	你多大了？	我比你大,我26了	1
哇，你这么厉害啊，那你现在工作了吗？	工作啊,我是去年毕业的,现在在银行上班	你什么时候毕业的？	15年啊	3
嗯嗯，那你现在是学生喽？	不是,已经工作了,你呢?	你现在是学生了吗？	嗯嗯,我是学生	1
我很喜欢周末去看电影，你喜欢看什么综艺？	跑男,极限挑战	我很喜欢周末去看电影，你厌烦看什么综艺？	我不看综艺	3
好吧，那她知道你打算离婚吗？	她知道,但她一直在劝我	她不知道你要离婚了吗？	她还真不知道,我都不想告诉她,怕吓着他	3
你在空闲的时候喜欢干什么呀？	发呆,看风景,听歌,玩手机,看电影	你在空闲的时候讨厌干什么呀？	讨厌干啥?讨厌玩手机吧	2
那你平时不无聊吗？	不无聊,我的生活很丰富	你平时不是很无聊吗？	你怎么知道我无聊	2
你们那里今天很热？	这两天很热,我今天穿短袖加一个薄外套	你什么时候穿短袖和薄外套？	就这两天呀,我昨天还吹着风扇	3
我也喜欢唱歌啊，那你平时都喜欢谁的歌呢？	都喜欢,不过最喜欢的还是张韶涵的歌	我也喜欢唱歌。你通常喜欢谁的歌？	林俊杰,还有,忘了	2
那你除了工作的话，平常空闲的时候喜欢什么呀？	看书,玩游戏,看电影,出去旅游	那你除了劳作的话，平常闲空的时候喜欢什么呀？	我是一个喜欢宅在家的人,没什么爱好,也没什么特别喜欢的事情	2
对了你有养狗吗？	我养了三只狗狗	你有几条狗？	我有一只阿拉斯加一只金毛	1
我在宠物医院工作，我喜欢宠物，我自己也养了三只狗。	是在宠物店吗?	我有几条狗？	是的,你有几条?什么狗狗?	1
我26岁了。	26岁是不是要找个男朋友结婚了	你知道我多大了吗？	不知道啊,我又不认识你	1
不过我喜欢周杰伦的歌曲。	周董的歌太老了	你知道我喜欢谁的歌吗？	你说了我不就知道了	2
你怎么在家工作这么自由呀？	我没有工作啊,我只是在家做自己喜欢的事情	你怎么在家劳作这么自由呀？	因为我有自己的店铺可以经营,而且还做微商,所以比较自由点	1
没错，东北人都很爽朗，你也是东北人吗？	是啊,我沈阳的	你是哪里人？	我是吉林人	1
我是在电影院上班的，已经工作四年了。	工作好做吗	你知道我在电影院工作了多少年吗？	有20多年了吗	3
我学校在大兴呢，你是已经工作了吗？	没有,我还没毕业呢,大四	我的学校在大兴。你已经工作了吗？	没呢,我在上大五	1
我是个作家，靠收入在北京五道口这买了套房子。	我也是作家,我在深圳买了两套房,还买了辆奥迪	你知道我在哪里买的房子吗？	难道是在美国	3
我是一名陆军，	海军路过	你知道我所在的军队叫什么名字吗？	你所在的军种叫海军,我说的没错吧	1
平常的工作也很轻松，你呢，你是做什么职业的？	我是做服装销售的	平常的劳作也很轻松，你呢，你是做什么事情的？	我是上班族,现在在做微商	1
是吧，对了你平时喜欢看恐怖小说吗？	不怎么看,看了睡不着	是吧，对了你平时讨厌看恐怖小说吗？	以前看过,但现在不看了,觉得有点无聊	2
你好，你是哪儿人？	我是江苏的,你呢?	你好，你是哪儿人氏？	我是安徽人,你在北京做什么?	1
那你加入了挺多的啊，忙的过来吗？	我就加了四个	你加入了很多。你不忙吗？	我只加了一个,其他的都退了	3
我学校在大兴呢，你是已经工作了吗？	没有,我还没毕业呢,大四	我的学校在大兴。你已经工作了吗？	没有,还在读研	1
你喜欢听什么类型的音乐呢？	什么都听,喜欢电音	你讨厌听什么类型的音乐呢？	不知道,没有讨厌的也没有喜欢的	2
我喜欢养狗，而且我因为养狗认识了我的第一和第二任妻子。	我喜欢猫,也喜欢狗	你知道因为狗我遇到了哪位妻子吗？	第几任	3
我正准备去咖啡馆呢，因为我很喜欢周末喝咖啡的感觉。	咖啡馆也可以,不过你得多带点吃的,因为咖啡馆里面的东西都很贵的	我喜欢什么时候喝咖啡？	这个不知道,要看你自己了	2
你好呀，你吃饭了没有啊？	吃了,你吃了吗	喂，你吃过饭了吗？	我还没吃啊,我要你喂	3
但是就是算你是个警察，你们都不下班吗？	下班了啊,我们这都是六点下班的	员工们每天几点上班？	我们这是朝九晚五	3
你呢，你平时都喜欢做什么呀？	在家看电视,玩手机,偶尔跟朋友出去逛街	那你呢？你通常不喜欢做什么？	不喜欢在家玩手机	2
我很喜欢海南，每年都要去一次。	海南有什么好的	我最喜欢哪个城市？	海口啊,我也喜欢海口,不过我喜欢海口的人	2
那你最近准备做什么？	我准备去上海找工作,你要来吗	你要去哪里找工作？	不知道呢,还没想好,你来吗	3
是吗，那你多大了啊？	22岁了,你呢?	真正地你多大了？	我还没成年,我还小	1
我还是个大学生，我在大学足球队踢足球。	大学里踢球真的很幸福啊,可惜我不在那个大学	你知道我为哪个队效力吗？	我不知道,那你告诉我吧	1
原来是舞蹈老师啊，那你平常是不是每天都要上课啊？	对啊,我一周只有两天假	你一周工作几天？	一周七天	3
我最近在看电影呢，虽然我已经53岁了，但我还是喜欢看爱情电影。	我不喜欢,我喜欢看动作片	我多大了？	我不造,你没说,反正肯定比我小	1
我9岁了，上三年级了。	我才三岁,我是个孩子	你知道我的年级是多少吗？	我猜是大二	1
是啊，看你穿的运动服，是去健身房了吗？	没有,在家里	是啊，看你穿的运动服，是去体操房了吗？	嗯,是的,在学校有练过一些	3
我叫王杰，你是做什么工作的？	王杰你好,我是做金融行业的	谁在金融业？	我啊,我就是王杰	1
我还是个小朋友呢，我才十岁。	我还不到10岁呢	你知道我多大了吗？	不知道,反正不是10岁	1
我不辛苦，我现在是个学生，周末是在咖啡店打工的。	哦哦哦,我还以为是在国外	你知道我什么时候在咖啡馆工作吗？	不知道,我只记得你是大学生	3
好吧，那你现在在上班吗？	嗯,在上班,你呢?	你现在在工作吗？	没有,我现在在家修养	1
我们一起下棋，我挺喜欢玩棋盘游戏的，你喜欢下棋吗？	我也喜欢玩,但是我玩的是围棋	我们一起下棋，我挺喜欢玩棋盘戏的，你喜欢下棋吗？	棋盘戏没玩过呢	3
我是东北人，我们离得挺远的。	我在沈阳,你呢	你知道我来自中国的哪个方向吗？	不知道啊,你说啊	1
那你喜欢哪种动物呀？	猫,狗,兔子,都喜欢	那你厌恶哪种动物呀？	我也不知道,没有厌恶的,但是我不喜欢小动物,也不讨厌	2
那你教学多长时间了？	今年第五年了	是吗	我今年第六年了,教的初中数学	3
那你吃的什么好饭啊？	就普通的家常饭,一天三顿,一顿三个馍馍	你一天吃多少个馒头？	早上一个,中午三个,晚饭三个	3
我受不了沙拉，我真的很不喜欢。	你不爱吃沙拉?	你知道我不喜欢什么吗？	不知道呀,你说	2
我也听过他们的歌，感觉也挺好听的，但是我最喜欢的乐队是五月天。	你是在哪里买的票,我在网上买的,还没发货	你知道我最喜欢的乐队是什么吗？	不知道,你说吧,我听听	2
那也挺好的，你多大了？	我是九一年的,老了,哎,我在南京上学,你呢	你什么时候出生的？	哈哈,我是八八年的大叔	1
那你为什么喜欢这些户外运动呢？	喜欢就喜欢啊,哪有那么多理由	那你为什么不喜欢这些户外运动呢？	为什么要喜欢呢	2
嗨，你好啊，今天工作忙吗？	不忙,很无聊	嗨，你好啊，今天劳作忙吗？	忙,累	3
你平时健身吗？	不健身,不吃减肥药,不节食,不打针,不针灸,不手术	你经常锻炼吗？	嗯,经常锻炼	3
你在哪上学现在？	西安工程大学,你是?	你现在在哪里上学？	哦哦,我在四川呢	1
我今年已经45岁了。	是不是有点老,但是还是很有男人味的	你知道和我在一起的人是几岁吗？	那你几岁?和你在一块的人多大?	1
我受不了沙拉，我真的很不喜欢。	你不爱吃沙拉?	你知道我不喜欢什么吗？	不知道,我觉得沙拉很好吃啊	2
那你钓鱼肯定很厉害，一次能钓几条啊？	不厉害啊,只是运气好,每次都能有鱼上钩	那你一定擅长钓鱼。你一次能抓多少？	一条都没抓到过,你说我擅长钓鱼么	3
我八岁了，今年读二年级。	我也八岁	我什么时候上二年级？	我也不知道,我都没上过	3
你好，你是哪里的朋友呀？	你好,我是湖北宜昌的	你是哪里人？	我是河北廊坊的	1
那你之前学的是什么专业啊？	我学的计算机应用,但是我不想学这个,想换个其他专业	你以前学过什么专业？	学的幼师	1
那确实太让人难过了，你现在上学还是上班呢？	上学,你呢?	那确实太让人难过了，你现在上学还是放工呢？	我现在在上班啦	1
我也喜欢宠物，我有三条狗。	三条,这么多	你知道我有几条狗吗？	一条拉布拉多,三条金毛,一条哈士奇	1
我很喜欢养狗，我有两只小狗。	好吧,我喜欢大狗	你知道我有多少只小狗吗？	不知道,多少?	1
嗨，你是什么工作的啊？	我做人力资源的,你呢	嗨，你是什么劳作的啊？	我是做金融的	1
我也是哦，你今年多大了啊？	我都21了,你呢	你多大了？	比我还大一岁,我才16	1
我是河南的呦。	我也是河南的,郑州的	你知道我是哪里人吗？	不知道啊,你说说吧	1
那你一般会在空闲时间里面干什么呀？	我平时没事的时候都会在打理网店的,一个月两三千呢	网店每月收费多少美元？	不多不多,也就四五千吧	3
我是北京本地人，北上广都是快节奏，我下班都会去遛我的卷毛狗，它叫油条，那个时候才觉得整个人轻松了。	我也喜欢油条,我想以后也养一条	你知道我是哪个城市的人吗？	我不知道啊,我只知道油条是北京人	1
我很喜欢猫我背后有6个纹身都是猫，而且都是我以前养过的猫咪。	好巧,我也很喜欢猫猫	你知道我背上有多少个纹身吗？	我不知道,你可以告诉我呀	1
我还喜欢每天晚上在电视上看新闻。	我也喜欢看新闻联播	我什么时候看电视新闻？	我在开玩笑的,我知道你不看的	2
我比较喜欢自己一个人看书，《绿山墙的安妮》这本书我已经看了五遍了。	看了一遍,觉得太难懂了,看不懂	你知道我读了五遍谁的书吗？	不知道,你告诉我好吗?	3
我还是个大学生，我在大学足球队踢足球。	大学里踢球真的很幸福啊,可惜我不在那个大学	你知道我为哪个队效力吗？	中国人民解放军?	1
真牛，你今天去哪里捕鱼了呢？	今天是去了,但是没有捕鱼,只是在河边玩而已	你什么时候去河边的？	昨天下午五点多	3
是吗，那你最喜欢画什么了？	我喜欢画漫画和动漫,你呢	是吗，那你最厌恶画什么了？	我最厌恶画画了	2
哇塞，我也喜欢猫猫，你家养了几只猫啊？	三只,都是流浪猫	哇，我也喜欢猫。你家有几只猫？	我家没有猫猫	1
那你呢，吃饭了没有啊？	吃过了,在上班	那你呢？你吃过了吗？	我啊,没吃啊	3
嗯，我会的，你是已经工作了吧？	嗯,工作两年了	好吧，我会的。你不再工作了吗？	我现在在上大学,大三了,还有一年半实习,	1
嗯嗯，那你现在是学生喽？	不是,已经工作了,你呢?	你现在是学生了吗？	嗯,是的,今年大四	1
我喜欢滑雪，每年冬天都会去滑雪场玩，我每天还会跑1000米，这让我保持一个完美的身材。	你这是在拉仇恨么?我们这连滑雪场都没有	你知道我每天跑多少米吗？	不知道,反正是我我会坚持不了,你是女的,体力肯定比我好	3
你为什么高中毕业之后不继续上学了，是有什么原因吗？	我没上高中,直接上的大专	高中毕业后你为什么不去上学？没有理由吗？	不想上就不上了,哪有那么多为什么	3
看你的头像应该是女孩子吧？	头像是我女神,我是男的	看你的头像可能是女孩子吧？	头像是男的啊	0
我也很高兴认识你，可以问下你多大了吗？	我是93年的,你呢?	我也很高兴见到你。请问你几岁了？	比你大,我是90的	1
我是一个14岁的男孩。	我是16岁的女孩	你知道我多大了吗？	你不是说你16吗,我也16啊	1
行啊，你是做什么工作啊？	我现在没工作,在找	行啊，你是做什么劳作啊？	我是做销售的,在做金融行业	1
你好，你现在在干嘛？	你好,我在玩手机	哟呵	我在看电视,我妈在打麻将	3
我现在在经商，空手道是我的业余爱好，我练了有十年了。	练了10年空手道?	你知道我练空手道花了多长时间吗？	不知道,你说啊	3
喜欢呀，你平时都喜欢玩什么游戏呀？	王者荣耀,球球	喜欢呀，你平时都厌烦玩什么游戏呀？	我不喜欢玩游戏,因为我很菜,我玩不好	2
哇，那你手很巧的，你都做过什么？	我什么都没做过呀,都是看的教程	哇，你的手真聪明。你做了什么？	我做了一个小玩意,我在楼下给你看看哈	3
我才十岁了。	我今年9岁	你知道我多大了吗？	不造诶,你几岁	1
没事没事，你小时候有啥梦想呀，实现了吗？	小时候的梦想是成为一名伟大的科学家,现在实现了一半	嗯啊	不过现在的我已经实现了我的梦想了	1
你好，你是哪儿人？	我是江苏的,你呢?	你好，你是哪儿人氏？	我是安徽人,我现在在南京	1
我不喜欢冬天，太冷了受不了。	这几天又开始热了	你知道我不喜欢什么样的天气吗？	不冷不热是不是	2
我之前也是个当兵的，当了五年兵，退役了。	当兵五年了?	你知道我当兵多少年了吗？	我不知道啊,那你说说	3
啊，你一天要打三份工吗？	两份,早上一份中午一份	啊，你一天要做三份工作吗？	是啊,因为早上那份比较轻松	3
我现在住在深圳，你呢？	现在在深圳,过段时间去东莞	你以后去哪里？	我还不知道呢,去哪里不重要,重要的是你在哪里	3
那你们工作忙吗？	他工作不忙,我工作忙	那你们劳作忙吗？	不忙啊?	3
哇，很好呀！那你是律师吗？	不是呢,我是学法律的	哇，很好呀！那你是辩护律师吗？	我是法官	1
三条狗啊，你压力不会很大吗？	三个月的时候压力就很大,我现在都习惯了	三条狗，你压力很大吗？	三条都是金毛,我的压力肯定大,现在都大的不行啦	3
因为我最喜欢的主持人是何炅只有快乐大本营里才有何炅。	何炅在快乐大本营主持的挺好的,天天向上也行	你知道谁是我最喜欢的主持人吗？	张卫健?	2
我是游乐场的工作人员，今天周末最忙了，是不放假的。	我想问一下,你是哪家的?	一周中最忙的一天是什么时候？	每个星期的星期一	3
我很喜欢邓紫棋，买了她好多电子专辑，现在有几首单曲循环呢。	喜欢,不为谁而作的歌	你知道我非常喜欢谁吗？	不知道,我喜欢的歌不多	2
那你放假都会做些什么啊？	吃饭,睡觉,玩手机,打豆豆	你假期做什么？	我没有假期,我上班	1
你这是要去干嘛呀？	要去工作了	你在做什么？	还没找到呢,现在还在家,明天去面试	1
哦哦，那你喜欢什么颜色？	黑,白,灰	哦哦，那你讨厌什么颜色？	除了灰,其他都还好	2
这样啊，你每天工作多长时间呢？	早上十点到晚上八点,中午一个小时休息时间	你每天工作多长时间？	每天工作时间不固定啊	1
我今年20岁。	我觉得你是个很有想法的人!我看好你	你知道我20岁是什么时候吗？	不知道,我是说你的想法很不错	1
那也挺好的，你多大了？	我是九一年的,老了,哎,我在南京上学,你呢	你什么时候出生的？	我比你大四岁哦!我是92年的	1
你好啊，现在可以聊聊天吗？	不可以,我要睡了	你好，我们现在可以聊聊吗？	可以,但我要睡觉了	3
我今年已经四岁了。	四岁的小朋友好	你知道我四岁是什么时候吗？	你说吧,我洗耳恭听	1
这样呀，你是已经参加工作了吗？	没有,我大一	你已经在工作了吗？	嗯,是的,我是做设计的,有兴趣可以了解一下	1
你在这里打工多久了？	一年零一个月	你在这里工作多久了？	我现在在家,没有工作,你在哪里工作	3
看来你们很相爱啊，你们有孩子了吗？	有啊,现在三岁了,你呢?是不是也结婚了?	看来你们很相爱。你有孩子吗？	没有呢,我还在上学	1
嗯嗯，你呢是做什么工作的？	我是学生,大四了	嗯嗯，你呢是做什么劳作的？	我是在家带孩子啊,做微商	1
你这会在忙吗？	不忙,在看电视,你呢	你不忙吗？	我在家看孩子,你忙什么呢	3
那你们工作忙吗？	他工作不忙,我工作忙	那你们劳作忙吗？	忙,不过我们有双休的,节假日正常休息	3
我今年12岁。	你真的12岁吗	你知道我多大了吗？	不知道,但你一定是个有故事的女人	1
我平时喜欢跳舞，我的身高是1米72。	你可以加入我们学校的街舞社,我就在里面	你知道我的身体有多高吗？	我不知道你的身高	1
没有经验你也敢经商啊？	有没有经验不重要,重要的是有没有钱	对嘛	没钱,没经验,没关系,没人脉,就不要去经商,这是我的经验	2
没问题，那你是做什么工作的呢？	我是做软件开发的,你呢?	没问题。你是做什么的？	我是搞设计的啊,你那?	1
我也喜欢散步，我经常在傍晚的时候散步，因为我觉得那个时候让我感觉又孤独又幸福。	对啊,我喜欢在那个时间段去散步,不知道为什么	你知道我什么时候经常散步吗？	我不知道,我只知道我喜欢这个时间	2
我没怎么关注乐队呢，你有喜欢的？	嗯,我比较喜欢他们的歌	我不太注意乐队。你喜欢吗？	我知道他们啊,不过我没看过他们的视频,所以我也不知道	2
是的，你是做什么的呀？	我是学生,大二	是的，你是做什么的？	我是做护肤品,还有一些微商	1
我喜欢听李宗盛的音乐。	我觉得他的歌都很有故事	你知道我喜欢谁的音乐吗？	我只知道你喜欢的人是我	2
那也挺不错的，你都去过哪里呢？	去过的地方很多了,现在在云南	你所在的国家叫什么名字？	我现在在缅甸	1
你和你爱人是怎么认识的呀？	我也不知道,她自己加我的	你和你的爱人是怎么认识的？	一个学校的,她大我一级,我高三她高二	3
那你喜欢什么运动？	羽毛球,乒乓球,游泳,跑步,跳绳,都可以	那你讨厌什么运动？	最讨厌的就是跑步了	2
我32岁了，现在还和妈妈住在一起	你妈不说你?	你知道我多大了吗？	不知道呀,我猜是个孩子	1
你们每个周末都休息吗？	不,一个月一天,我这个月休了四天,上个月没休	这个月你用了多少天？	这个月我还没休呢	3
我是甘肃人，你是哪里的？	甘肃庆阳西峰	我来自甘肃。你从哪里来的？	我从陕西宝鸡来的	1
你吃饭了没有？	刚吃了,你呢?	你吃过了吗？	还没吃,我还饿着呢	3
我是舞蹈演员，每周三次固定在剧场演出的。	在哪个剧场	你知道我一周在剧院演出几次吗？	这个还真不知道,不过我是学舞蹈的	3
还可以，我目前已经习惯了在我的接受范围内，你有工作吗？	没有,你呢,什么工作	哇呜	你是做什么的,我也想换工作,但是又有很多问题需要解决	1
那你学音乐，不会也是因为父母吧？	不是,我学音乐是因为我的梦想	那你学音乐，不会也是因为家长吧？	是,你猜对了	3
我比较喜欢宜家，我感觉宜家的东西比较多一点。	宜家的感觉不太适合我的风格	我更喜欢哪家店？	我也说不上来,反正宜家的我觉得不怎么好看	2
那你开你爸的车不是无证驾驶吗？	我开的我哥的车,不是我爸的	那你开你爸的车子不是无证驾驶吗？	我自己买的车啊	1
我是广州人。	你好,我系番禺人,你系边度?	你知道我来自哪里吗？	我知道,你是从火星来的,你的飞船被我发现了	1
花肯定不好种吧，你都种过哪些花呢？	月季,茶花,茶花比较难种,我也是种了几个月才知道的	你花了多长时间才认识月季和山茶花？	月季是去年才开始种的,山茶花我也种了,也没几天	3
我现在60多了，是个老太太了。	好吧我错了,阿姨,我也不小了,都快奔3了呢	你知道我多大了吗？	不知道,我就随便说的	1
这样呀，你是已经参加工作了吗？	没有,我大一	你已经在工作了吗？	我是大三,我是你学长,你说我是不是已经毕业了呢?	1
你最喜欢什么样的季节呀？	夏天,因为有大白腿	你最喜欢什么样的时节呀？	我的话,都喜欢	2
我喜欢狗，所以我家里养了三条狗。	这是在宿舍里养的?	你知道我有几条狗吗？	不知道诶,你养了几条?	1
那你加入了挺多的啊，忙的过来吗？	我就加了四个	你加入了很多。你不忙吗？	我都退了,不忙啊,因为我是学渣	3
哦哦，这样啊，你是上班路上经过这里吗？	不是,我在这边住	哦哦，这样啊，你是放工路上经过这里吗？	嗯,我是从这边去上班的	3
你是已经工作了吗？	恩,工作好几年了	你是已经劳作了吗？	没有,还在上学,只是实习	3
你好，见到你我也很开心，你是做什么工作的？	我是做人力资源管理的,你呢?	你好，我也很高兴认识你。你是做什么的？	我做设计的,幸会幸会	1
你工作都那么忙吗？	是呀,一天上班十几个小时,一个月就休息两天	你每天工作多少小时？	早上九点到下午六点半	3
我是河南这边的，你是哪里的？	我现在是在浙江	你现在在哪里？	我在江苏这边	1
平常的工作也很轻松，你呢，你是做什么职业的？	我是做服装销售的	平常的劳作也很轻松，你呢，你是做什么事情的？	我做淘宝店的	1
那你工作应该很忙吧，你会做些什么来缓解压力呢？	不忙啊,一天就两个小时,其他时间都是休息,所以我就一直玩手机	你每天工作要花多少小时？	我没什么具体时间	3
是的，你们青岛那边是不是好多地方都可以钓鱼？	我是青岛的,在青岛工作,在家里不好钓,水库都有人看着	你是哪里人？	我是江苏连云港的,我们这钓鱼地方太少了,我都想去你们那里钓了	1
我是因为我现在跟我的弟弟在北京打工，没有时间谈女朋友。	那就等有时间的时候再谈,你是不是很小,我都是阿姨级的了	你知道我弟弟在哪里工作吗？	不知道,我不是北京的,也没去过	1
我很喜欢猫我背后有6个纹身都是猫，而且都是我以前养过的猫咪。	好巧,我也很喜欢猫猫	你知道我背上有多少个纹身吗？	不造啊,几个?	1
好的，你喜欢吃甜的还是酸的呀？	不喜欢酸的,喜欢甜的	好的，你喜欢吃甜的还是酸度的呀？	都喜欢,哈哈	2
我不太喜欢玩游戏，你喜欢养宠物吗？	以前养过两只狗,后来死了,再后来也就没养了	你养了多少条狗？	一条都没有,现在连自己都养不活了	3
我是去成都那边出差工作去了，我这工作经常要出差。	哈哈,你在成都做什么工作呢	你知道我去哪里出差了吗？	你没说啊,我猜应该是成都吧	3
谢谢夸奖，你今天打算去干嘛呢？	上班啊,我都上班三天了,明天休息一天	你什么时候休假？	我明天下午就休假了	3
那你现在是已经毕业了吗？	我今年毕业的,你是哪一届的?	你什么时候毕业的？	14年毕业的啊	3
那被你爱上了这个同事，他能感觉到你很爱他吗？	他说我是他这辈子最爱的女人,但我不知道是不是真的	你爱上了这位同事。他能感觉到你非常爱他吗？	应该感觉不到	3
那你的老板岂不是房地产界的大佬？	不,老板是个女的	你的老板是房地产行业的大人物吗？	不知道,只知道她是我们公司的头牌,其他不知道	0
我是河南的呦。	我也是河南的,郑州的	你知道我是哪里人吗？	不知道,你是哪的呀?	1
我不怎么睡懒觉，喜欢在周末早上去骑自行车，刚刚骑自行车回来。	你也骑车吗?	你知道我周末什么时候骑自行车吗？	不知道,你说呗	2
嗨，我叫林大山，你呢？	我叫林小山	嗨，我叫林大山。你呢？	我也叫林大山	1
我有一只两岁的猫。	你在哪里啊,能给我不?	你知道最大的猫多大了吗？	我这只就是最大的了,一岁多了	0
那你是不是特别羡慕人家老婆？	我羡慕人家老公	那你是不是特别嫉妒人家老婆？	我也羡慕别人的媳妇	2
我喜欢养宠物，家里面都有3只猫了。	你这猫是啥品种,好可爱	你知道这房子有多少只猫吗？	不知道,反正这只猫咪是我最喜欢的	1
哦哦，你写小说多长时间了？	我才写三个多月	你开始写作有几个月了？	一个半月了吧	3
我还是个学生呢，今天星期天。	我也是学生,不过我已经出来实习了,你在哪里读大学	你知道今天是星期几吗？	今天星期三啊,你不是说你也是学生吗?我在广州读大学	0
那可能是中国的历史文化太悠久了吧，你每天下班都会看书吗？	不是,我是有时间才看,我看的书比较杂,什么都看	那可能是中国的历史文化太悠久了吧，你每天放工都会看书吗？	我放工了就不看	2
你已经参加过高考了呀？	嗯,我去年就参加了,然后就来了	你什么时候上的大学？	今年,你是不是今年高考?	3
你好，见到你我也很开心，你是做什么工作的？	我是做人力资源管理的,你呢?	你好，我也很高兴认识你。你是做什么的？	我在做电子商务的	1
况且今天还是我的十八岁生日呢。	你18岁?你不是比我小么?我才19岁	我18岁生日是什么时候？	那谁知道你什么时候	1
你没有工作吗？	有工作,不想干了	你没有工作？	没有啊,我都在家里呆快3个月了	1
我是河南郑州的，高考完现在来西安旅游了。	好吧,西安好玩吗?	你知道高考后我现在去哪里吗？	不知道,你告诉我呗	3
我是广西的，现在住在南疆呢。	我在伊宁市	你知道我是哪里人吗？	不知道啊,我只知道你是南疆的	1
我最喜欢的季节是冬天。	我喜欢春天和秋天,夏天太热了	你知道我最喜欢的季节是什么吗？	不知道啊,说吧	2
你们这上班时间分着时间段呢？	早八点半到下午四点半	你有不同的工作时间吗？	一个月四天公休,一天工作三个小时	3
没有，我已经不上学了，你呢？	不上了啊,我都工作好几年了	不，我不再上学了。你呢？	我也不想上了,没意思	1
是啊，你喜欢购物吗？	还好吧,怎么了?	是啊，你讨厌购物吗？	讨厌,怎么啦?	2
你好，在忙吗，有没有时间聊聊天呢？	有,你在哪,我去找你	你好，你忙吗？你有时间聊天吗？	你好,忙	3
我也在河南上学，只不过我是高中生。	我大二,在郑州,有时间来找我玩	你知道我在哪里学习吗？	我怎么会知道,不过你可以告诉我呀	1
那看来你是真的喜欢看呢，你看的都是什么类型的？	我喜欢看的类型多了,最爱的只有两个	你最喜欢的电影有多少？	不知道,反正没有最喜欢,没有最不喜欢的	2
我儿子7岁了，都上小学了。	我儿子8岁了	我儿子多大了？	不知道,问你妈妈去	1
那你也没什么可忙的了吧？	我忙着找工作啊	那你没事干了？	是的,我现在就没啥事干	3
我是做客服的，今天请假了。	什么客服,我也想去	你知道我什么时候请假的吗？	不知道,我就想知道什么客服	3
可以啊，我是一名学生，你是干什么的呢？	我也是学生呀,大二了,你呢	可以啊，我是一名学员，你是干什么的呢？	我是一名军人,你呢?	1
我是刚刚在背单词了，早上记忆力比较好。	加油,我也去背了,	你知道我什么时候记忆力好吗？	不知道,反正我是一天记一点,一天比一天好,你呢	1
你也喜欢狗狗吗？	嗯,很喜欢小动物	你也讨厌狗狗吗？	不讨厌也不喜欢	2
那你都喜欢哪些运动啊？	跑步,乒乓球,羽毛球,篮球,足球,排球,羽毛球打的少,排球打的多	你喜欢什么运动？	我只喜欢乒乓球和羽毛球,别的都不会	2
没有，我在家照顾孩子，没法出去上班，你上班了呀？	嗯嗯,在家呆了快一个月了,没意思	没有，我在家照顾孩子，没法出去上班，你放工了呀？	嗯嗯,放了两个多月了	3
我都35岁了，看不出来吧，我儿子都18岁了。	你不是才21吗?怎么都有孩子了?	你知道我儿子多大了吗？	不知道,你儿子几岁啊	1
我是山东人，我住在山东德州。	山东妹子就是水灵,赞一个	我来自哪个省？	不知道,我又不是算命先生	1
看来我们有共同语言了，你喜欢听什么类型的歌啊？	各种类型,什么都听	看来我们有共同语言了，你喜欢听什么类型的歌曲啊？	我比较喜欢英文歌	2
我很喜欢看的，有时候还晚上一个人看。	我也喜欢看,就是晚上不敢一个人在家看	你知道我什么时候一个人看吗？	不知道啊,我只知道我怕一个人	3
我是从北大毕业的，就是说我是一名国家栋梁。	你是不是北大青鸟的	你知道我在哪里毕业的吗？	你说你从哪毕业的?	1
我最近想去浙江玩，你有什么可以推荐的吗？	杭州,舟山,东极岛	位于马绍尔群岛的岛屿叫什么名字？	鳌山岛	0
你好呀，你是哪里的呀？	我是湖北的,你咧?	你来自哪个地区？	我是广东省茂名市的	1
因为我买的是一辆本田，看起来还挺好的。	本田什么?	我买了什么车？	不知道你买的啥车	1
我特别喜欢一个魔术师，他叫做大卫·科波菲尔。	那就去追随他吧	我喜欢的魔术师叫什么名字？	大卫沃德	2
我喜欢在周末骑自行车。	我也喜欢啊,你是哪的	你知道我什么时候喜欢骑自行车吗？	不知道,为什么?	2
谢谢夸奖，你今天打算去干嘛呢？	上班啊,我都上班三天了,明天休息一天	你什么时候休假？	我今天就在休啊	3
这样也不失于是一种幸福呀，那你的业余生活时间应该很多吧？	业余生活就是,打理我的网店,一个月也有个四五千的收入,够养活我自己	一个月挣多少钱？	不固定啊,多的时候三四千,少的时候一千左右	3
我从10岁就开始演戏了，确实能算得上是一个老戏骨了。	你十岁的时候在哪?	你知道我几岁开始演戏吗？	不知道,我只知道我是你前辈	1
那你之前尝试过什么减肥技巧吗？	运动,节食,少吃,吃药都试过	你以前试过减肥技巧吗？	我就是吃减肥药瘦的	3
我是一个14岁的男孩。	我是16岁的女孩	你知道我多大了吗？	你不是说你16岁嘛?	1
那你一定做了很多游戏吧？	我没做游戏,只是做了几年游戏的推广	你推广游戏有多少年了？	我做的是网站开发的推广,不是游戏哦	3
你的薪水也蛮高的嘛，你是做什么的？	我是做财务的	你的薪水也很高。你是做什么的？	我也不知道自己能做什么	1
难道你是b站up主吗，那你是有多少粉丝呀，知道的人多吗？	不多,不到100人,你可以看看我在哔站发的视频	难道你是b站up主吗，那你是有多少粉呀，知道的人士多吗？	我不是,我只是看过视频,觉得挺好看的就推荐一下	1
我今年已经二十岁了。	我今年也20岁了,好巧	你知道我二十岁是什么时候吗？	不知道,反正我20岁	1
我养了一只三岁的狗和一只五岁的猫，它们陪我也不错	猫狗我都喜欢	你知道我养的狗多大了吗？	你不说我怎么知道呢	1
我最喜欢听毛不易的歌，我最喜欢他了。	我是易燃易爆炸入的坑	你知道我喜欢谁的歌吗？	陈粒,花粥,宋冬野马宥嘉吗	2
是呀，对了，你有没有喜欢的食物呀？	有啊,我比较喜欢甜食	是呀，对了，你有没有喜欢的食品呀？	没有呀,我对食物不是很挑的,不过对人比较挑	2
你问我忙不忙，难道你的工作很忙吗？	忙着找工作,找不到就要喝西北风了	你问我忙不忙，难道你的劳作很忙吗？	劳作也不忙	1
我是河南的呦。	我也是河南的,郑州的	你知道我是哪里人吗？	不晓得啊,你是哪里的?	1
我比较喜欢听歌，我最喜欢的乐队是五月天。	我也喜欢五月天!我喜欢听他们的知足	你知道我最喜欢的乐队是什么吗？	你说出来,看我听过没,	2
那你家养的是什么品种的宠物啊？	小仓鼠,养了三只一只死了,现在还有一只,不过不怎么会养	有多少只仓鼠？	还有一个死了的,现在有三个	1
那你是不是要去实习啊？	我已经在实习了啊	那你是不是要来实习啊？	我在上班了啊	3
那你就是喜欢摇滚类型咯？	也不是,喜欢那种有点沧桑感的	你喜欢摇滚乐？	喜欢,但是没听过	2
看来你还是学生吧？	不是啊,我都工作了	看来你还是学员吧？	嗯呢,对啊,你是?	1
你好，你是做什么工作的呢？	我自己经营网店的,一个月也就挣个两三千块钱	一个月赚多少钱？	也就五六千吧	1
那你在学校的学习成绩怎么样呢？	不好,所以我才去韩国留学	你在哪里学习？	我在国内啊,还没去	3
我现在在农村，因为我老家是农村的，我每天都在家里待着，很无聊，你呢？	我也在农村	我现在在乡下，因为我的家乡在乡下。我每天都呆在家里。这很无聊。你呢？	我在外面打工	3
我今年53岁了，到了该退休的时候。	你怎么那么老,你骗我!你说你才十八岁啊	我多大了？	你说的你十八岁	1
我很喜欢听音乐，我最喜欢听五月天的歌啦。	我也喜欢啊啊啊	你知道我最喜欢谁的歌吗？	我不知道,但我知道我的最爱是阿信的,哈哈	2
我是舞蹈演员，每周三次固定在剧场演出的。	在哪个剧场	你知道我一周在剧院演出几次吗？	不知道,我就问问,在哪啊	3
那你之前尝试过什么减肥技巧吗？	运动,节食,少吃,吃药都试过	你以前试过减肥技巧吗？	没有,因为我懒,所以都是节食加运动	3
一般我会在青岛这边，我是山东的，就会比较近些。	嗯我会考虑的,谢谢	你知道我是哪里人吗？	不知道,但肯定不是我这的	1
我也是哎，那你怎么不找男朋友啊？	你说的好有道理,我竟无法反驳	我也是哎，那你怎么不找男友啊？	我有男朋友了啊	1
我在看书，你有喜欢的书吗？	我在看,你的孤独虽败犹荣	我在看书。你有喜欢的书吗？	你在看什么书,我现在在看平凡的世界	3
我还喜欢吃，我最喜欢吃的都是汉堡和炸鸡。	那就多吃点,反正吃了也不会变胖	你知道我最喜欢的食物是什么吗？	不知道,难道是	2
我喜欢动物，我觉得猫咪和小狗都特别可爱，我家有两只狗和一只猫。	你的猫和狗好可爱	我家有几条狗？	不知道,你发的照片里有狗	1
那就好，你做的什么工作？	做过很多,现在在一家公司做采购	那很好。你是做什么的？	我是做销售的,做了好几年了,现在想找份工作	1
平时我喜欢自己晚上在湖边转一转。	我晚上都不敢出去	你知道我通常什么时候在湖边散步吗？	我是晚上出去散步,不知道你是什么时候	3
嗯，我会的，难道你现在也在上大一？	大二了,马上大三了	好吧，我会的。你现在是大一新生了吗？	是啊!你是大几的?	1
那你们去过很多地方吗？	不多不多,没出过国呢还	你不是去过很多地方吗？	对啊,去过很多很多地方,但是我还没有去过国外呢	3
好，你是做什么工作的？	我是做工程造价的	好的，你是做什么的？	我在建筑工地工作	1
那你在图书馆工作多长时间了？	我才大二,只是去借了本书而已	你借书的班级叫什么名字？	忘了,只记得是大二的	3
我是一名马拉松运动员，后天有一场马拉松友谊赛，是和一些外国人比赛的。	加油,你是哪个队啊?	你知道什么时候会有马拉松友谊赛吗？	我不清楚啊,应该会在马拉松官网上有吧,我不是参赛选手啦	3
我喜欢听一些80年代的音乐。	我喜欢90年代的	你知道我喜欢听什么吗？	不知道,我知道我喜欢听什么就可以了	2
你还有养宠物啊？	对啊,不过现在已经不在了	你还有宠物吗？	有啊,一只仓鼠,还有一只乌龟	3
你好呀，你是哪里的呀？	我是湖北的,你咧?	你来自哪个地区？	我是江苏的哦	1
我在西安雁塔区，你呢？	我也在雁塔区	你在哪个区？	我不在西安,但我是陕西的	1
我还是个学生，但是现在在麦当劳打工。	我也想去麦当劳打工	你知道我在哪家公司工作吗？	不知道,你说说啊	1
是啊，你都去什么地方呢？	我现在在北京,你呢?	你在哪？	我在广东中山,我都没去过北方	1
是啊，那你现在是干什么工作啊？	现在在一家小公司做行政	是的，你现在的工作是什么？	我做的是财务	1
我是一名老师，我在一所小学教五年级。	五年级的小盆友,作业做完了没?老师有没有布置什么任务?	你知道老师教什么年级吗？	不知道啊,你是哪个年级的呀?	1
那你喜欢民歌是吗？	对啊,喜欢民歌	那你厌恶民歌是吗？	不厌恶啊,就是听不习惯	2
那你平时有听过周杰伦的音乐吗？	听啊,听了十几年了	你听了多少年了？	小学六年级听的,现在大三	3
是的啊，那你呢，你现在在做什么呢？	在上海做点小生意	你在哪个城市有小生意？	我在上海打工,现在回家过年,过完年回上海继续打工	1
我有两个女儿呢，一个13岁，一个6岁。	你这是超生的节奏啊!罚款啊	你知道另一个多大了吗？	一个六岁,两个十三岁?不是超生吗?	1
我喜欢在天气好的时候去散步还有读书，还喜欢听爱乐乐团的演奏，他们有一次演奏的摇滚风超喜欢	我喜欢听钢琴曲,也挺喜欢他们的	你知道我喜欢听什么管弦乐队吗？	不知道,你说说看吧	2
不过，你现在学车不耽误你的工作吗？	我是辞职学的,在家待了一年多了	然而，你现在学开车不是耽误了你的工作吗？	我的工作是在家,又不是在车上	1
是的，你们青岛那边是不是好多地方都可以钓鱼？	我是青岛的,在青岛工作,在家里不好钓,水库都有人看着	你是哪里人？	我是山东潍坊的,我们山东这边钓鱼的地方少之又少	1
我也是教初中的，你在哪块教学呢？	我在东关小学教学呢,你呢	你在哪里教书？	我在西关小学	1
你这个是你的主业还是副业啊？	现在是主业	这是你的主业还是副业？	现在是副业	1
那你是治好了吗？	是啊,都好了快两年了,不过当时是在一个中医馆看的,效果不是很好	这件事发生了多少年？	我也不知道多久,应该快十年了吧	3
我是个自由职业，最近在办理护照，打算去加拿大旅游呢。	我也在办护照!你打算去哪个城市呀?	你知道我要去哪里旅行吗？	不知道啊!所以问你	3
你为什么高中毕业之后不继续上学了，是有什么原因吗？	我没上高中,直接上的大专	高中毕业后你为什么不去上学？没有理由吗？	有理由,但我不想说	3
你这是打算回家去的吗？	是的,你要来么	你要回家吗？	不回家,你是?	3
你都玩些什么游戏啊？	最近在玩王者荣耀	你不玩什么游戏？	不玩的,我不玩游戏的	3
好吧，那你没有功课要做吗？	我是学渣,做了又忘,我都不知道我是怎么毕业的	你没有作业要做吗？	有啊,我在做呢	3
可能我母亲是一个上海人的原因，我比较喜欢吃上海菜，所以也比较喜欢那家餐厅。	好吧,其实我也不知道怎么办	你知道我更喜欢谁的食物吗？	不知道,难道是我的?	2
是的，那你平时除了工作都喜欢做什么呢？	看书,看电影,打游戏	是的，那你平时除了工作都讨厌做什么呢？	看书看电影看电视剧	2
她是个新疆人我最好的朋友，长的超级漂亮。	我喜欢新疆人	你知道她的国籍是什么吗？	不知道,国籍不重要,漂亮最重要	1
啊，你们几点下班呀？	五点半呢	啊，你什么时候下班？	六点多吧,你呢	3
我不知道，反正我是挺高的，我有一米八呢。	我才一米六五	你知道我有多高吗？	你一米六二	1
我是北京人，我家就在这里。	北京人?你是什么身份啊?	你知道我来自的城市叫什么名字吗？	不知道,你来自哪里啊?	1
我在听歌呢，我很喜欢听李荣浩的歌。	你喜欢听什么类型的,我也在听歌	你知道我喜欢听谁的歌吗？	不知道,你说说?	2
这可不简单啊，你以后是要做一名律师吗？	我也不想,但没办法啊	它不容易。你将来不想当律师吗？	当然不是啦,我要做医生的说	3
那你加油干吧，我如果以后也想成为一名律师，我可以找你吗？	我在深圳,你呢?	你是哪里人？	我在广州的,不过也会去深圳那边实习,我是湖南的	1
不会吧，你们两个不是相互那啥吗？	他有女朋友,他女朋友知道我喜欢他	不，你们两个不是互相认识吗？	不,他跟我一个朋友在一起了	3
我是5号病房3号床的儿子。	你好我是一号床	你知道3号床的儿子的病房号是多少吗？	我也不知道,我只是一名护士	1
那你有空的时候会喜欢干什么呢？	发呆,看小说,看视频之类的	呸	我不喜欢看视频,因为看不懂	2
谢谢啊，你是小姐姐还是小哥哥啊？	我是小妹妹哦	谢谢啊，你是小姐姐还是大哥哥啊？	哈哈,我是大哥哥	1
那就是学长了，我今年才大二，你学的什么专业啊？	我是土木的,你呢?	那是大四的。我今年才大二。你学的是什么专业？	哈哈,我是建环的,大四狗咯	1
你都拍什么类型的照片呀？	人像,风景	你不拍什么样的照片？	不拍,拍的不好	3
嗯，有时间了去看看，对了你是哪里的人啊？	我是陕西西安的,你呢?	我有时间去看看。顺便问一下，你是哪里人？	我是安徽阜阳的	1
哦原来你还是学生啊，你大几啊？	大三,你也是学生?	你是一个学生吗？	我不是啊,我都是孩子的妈了	1
我叫刘明，你现在是上学还是上班呢？	我不叫刘明,我上班	我叫刘明，你现在是上学还是放工呢？	不上学也不放工	1
我很喜欢在重庆骑自行车的感觉。	重庆骑着骑着就成了山城,哈哈	你知道我喜欢在哪个城市骑车吗？	不知道,但我知道我想去的地方有自行车	2
我今年8岁了，我喜欢的超级英雄就是钢铁侠。	我今年10岁,我的偶像就是蜘蛛侠	你知道我8岁是什么时候吗？	不知道,反正蜘蛛侠已经死了	1
嗯，谢谢你的建议，你这从哪里回来的？	我从深圳回来的	谢谢你的建议。你从哪里回来的？	我从北京	3
好的，你一会儿是要出去工作吗？	是啊,明天就开始上班了	好的，你以后不出去工作吗？	不想出去了,想在家里	3
看小说，你很喜欢小说吗？	嗯,看了五六年了	有多少年了？	小学开始看,现在大学快毕业	3
是嘛，那你一个月应该有很多工资吧？	没多少,也就几万吧	你一个月不应该有很多薪水？	我又不是卖唱的,哪有薪水	1
我从十岁的时候就开始演戏了。	我的戏还没出声呢,你就演上了?	你知道我开始演戏的时候多大了吗？	不知道啊,你告诉我?	3
那你的父母都是东北人吗？	我妈不是,我爸是,但他说东北话也听不懂	你的父母来自中国东北吗？	不是,来自山东临沂	1
我非常喜欢听李荣浩的歌。	模特和李白	你知道我喜欢听谁的歌吗？	不知道,不过我可以推荐你几首歌	2
我很喜欢猫我背后有6个纹身都是猫，而且都是我以前养过的猫咪。	好巧,我也很喜欢猫猫	你知道我背上有多少个纹身吗？	不晓得,有多少	1
我最喜欢唐伯虎点秋香了，我看了好几遍了哈哈。	我也喜欢,还有那个电影也不错	你知道我最喜欢什么吗？	你喜欢什么,我怎么知道	2
大家都很无聊嘛，那你平常无聊的时候喜欢做些什么？	看电影,玩游戏,睡觉	大家都很无聊。无聊的时候你喜欢做什么？	我啊,我也不知道,我是个纠结的人	2
我是篮球运动员，刚刚从体校毕业加入了市篮球队！	我也是练田径的,不过我是业余爱好,你这个应该是专业的	你知道我加入了哪个队吗？	不知道,我只是猜测,哈哈	3
那你呢，吃饭了没有啊？	吃过了,在上班	那你呢？你吃过了吗？	刚吃过,准备上班啦	3
真好，你是自己去吗？	我和我闺蜜一起去的	太好了。你一个人吗？	是的,一个人自由行	3
是啊，你是刚刚大学毕业吗？	不是啊,我大三	是的，你刚从大学毕业吗？	哦哦,你也刚毕业啊	3
还好吧，我在银行工作，你工作了吗？	我还在读书,不过也快了	你好吗我在银行工作。你工作过吗？	工作过,你在哪个银行	3
对了，你是哪里的？	我是四川的,你呢?	顺便问一下，你从哪里来的？	我是重庆的,我从重庆来的	1
你是做什么的，那么忙？	我在家带孩子啊	你为什么这么忙？	因为我有工作啊	1
杨丽萍老师是我最喜欢的艺术家。	是我见过最好的艺术家	你知道谁是我最喜欢的艺术家吗？	不知道啊!是谁啊?	2
我老家是安徽的，不过我是在东北长大的。	东北人都是活雷锋	你知道我在这个国家的哪个地方长大吗？	不知道,难道是北极的	1
练瑜伽真是一个不错的选择，难怪你身材那么好，皮肤也很好，你练了多久啊？	我练了两年多	你练了多少年？	断断续续的,没多久	3
是啊，对了，你学过射箭吗？	我是射箭的,我在北京,你呢?	你是哪里人？	我是湖北武汉,目前在深圳上班	1
我比较喜欢傍晚的时候去公园，最喜欢看电影。	我在公园看过一个小故事,好神奇啊好神奇	你知道我喜欢什么时候去公园吗？	我只知道我不喜欢去公园	1
我不去健身房，我还是喜欢骑自行车还有晨跑，周末跟朋友去爬山，要不要一起啊。	我喜欢晚上去健身,早上起不来	你知道我什么时候和朋友去远足吗？	不知道啊,你要干嘛	3
我今年已经二十一岁了。	21岁就当妈了	你知道我多大了吗？	不知道,但我想问你一个问题,为什么你要把孩子打了	1
我也很喜欢泰迪。	泰迪太色了,你要把持住啊	我喜欢的狗叫什么名字？	我不知道你喜欢狗	2
我是北京本地人，北上广都是快节奏，我下班都会去遛我的卷毛狗，它叫油条，那个时候才觉得整个人轻松了。	我也喜欢油条,我想以后也养一条	你知道我是哪个城市的人吗？	不知道,但是我喜欢油条	1
我喜欢里面的田晓霞。	我也喜欢啊,不过更喜欢那个大高个	你知道我喜欢里面的谁吗？	不知道诶,是那个男二号么?	2
那你现在还跟你的妈妈一起做手工吗？	没有了,我现在在家带孩子,她去上班了	你现在还在和你妈妈做手工艺品吗？	没有,我在老家做,家里的手工不挣钱,我想在家门口找个手工活	3
那你们卡车司机是不是都会拉着货到各种地方？	是的,你是做什么的,也是卡车司机吗?	那你们卡车司机是不是都会推着货到各种地方？	我不是卡车的,但是我是做工程的,有问题可以问我	1
我是河南的，现在住在上海。	上海哪里,我在浦东新区这边,有时间可以一起出来玩啊	你知道我是哪里人吗？	不知道,但是你的位置显示是在上海	1
那你是和父母一块去吗？	嗯,我妈说带我去	你不和你父母一起去吗？	我爸说让我一个人去,我说那就带上你吧,他同意了	3
对了你有养狗吗？	我养了三只狗狗	你有几条狗？	我就一条	1
那还真是辛苦啊，你们周末休息吗？	不休息,一个月一天假	那还真是辛苦啊，你们周末做事吗？	做,不过我周末双休	3
你现在在做什么？	在家,明天出去找工作了	你什么时候出去找工作？	今天,你呢,我还不知道去哪儿找	3
不客气，开心就好，你结婚了吗？	我儿子都快三周岁了	你儿子多大了？	哦,我儿子还没出生	1
喜欢呀，你会不会打篮球呢？	不会,我喜欢打羽毛球	是的，你会打篮球吗？	篮球会一点点,不多	1
平时我喜欢自己晚上在湖边转一转。	我晚上都不敢出去	你知道我通常什么时候在湖边散步吗？	不造,你说吧	3
你是东北哪个省的？	吉林省延边朝鲜族自治州	你来自中国东北的哪个省？	黑龙江省齐齐哈尔市	1
你天天都锻炼吗？	不是啊,有时间就练练	你每天锻炼吗？	嗯,我每天都锻炼	3
我破产了，我原先是一个设计总监，开了几家独立的设计室。	这是我的设计图,大家帮我设计吧	我开了多少间独立设计室？	你开了一间	3
我是学音乐专业的，你也是个学生吗？	我是个学生,我学美术的	我是学音乐专业的，你也是个学习者吗？	我是学美术的,你也是个学习者吗?	1
我是一个14岁的男孩。	我是16岁的女孩	你知道我多大了吗？	你不说,我怎么知道	1
我是洛阳人，你是哪里的？	我是河南的,你呢	你是哪里人？	我是陕西的,但是我在洛阳呆了五年	1
我最近在看电影呢，虽然我已经53岁了，但我还是喜欢看爱情电影。	我不喜欢,我喜欢看动作片	我多大了？	我不知道你多大啊	1
说说你吧，你现在工作了吗？	还没毕业,不过工作已经签了	跟我说说你。你现在在工作吗？	在啊,已经入职了	1
最近很火的电视剧你看了吗？	看了第一集	你看了节目的哪一集？	看了第二集	3
你一个月工资很低吗？	是的,很低	你一个月工资很高吗？	我没工资,啃老	1
你多久打一次？	一个星期打三次	你多久打一次电话？	有时候一个月一次,有时候一星期打一个	3
我不太喜欢看书，我喜欢早上看日出。	看日出,我都还没看过,有机会带上我呗	你知道我喜欢什么时候看日出吗？	这个我还真的不知道哎?你喜欢几点看?	2
那你现在出来工作了吗？	出来工作好几年了	你现在出去工作了吗？	我也是今年出来工作的,现在都不知道怎么办	1
啊，你一天要打三份工吗？	两份,早上一份中午一份	啊，你一天要做三份工作吗？	早上两份下午三份,晚上还要加班	3
我也喜欢狗，而且我还养了两只。	什么狗啊,在哪儿买的	你知道我有几条狗吗？	不知道,你说吧,几条	1
我很喜欢看的，有时候还晚上一个人看。	我也喜欢看,就是晚上不敢一个人在家看	你知道我什么时候一个人看吗？	不知道,你说说看	3
那你在图书馆工作多长时间了？	我才大二,只是去借了本书而已	你借书的班级叫什么名字？	我忘了,你可以自己去看看	3
哇哦，那你最喜欢拍人物还是风景呢？	都喜欢,不过更喜欢拍人	哇哦，那你最厌恶拍人物还是风景呢？	讨厌拍人	2
嘿嘿，我想问一下，你平常喜欢做些什么呀？	上班,下班,吃饭,睡觉,玩手机	嘿，嘿，我想问一下，你通常不喜欢做什么？	不喜欢上班	2
你吃饭了没有？	刚吃了,你呢?	你吃过了吗？	还没有,刚下班呢	3
我已经7岁了。	我是不是要叫你姐姐啊	你知道我多大了吗？	我才7岁,我怎么会知道啊	1
我不太明白你的意思，你说的水是什么水啊？	水就是普通水,不是纯净水,纯净水是指无污染的水	我不太明白你的意思。你指的是什么水？	就是自来水,自来水里有氯气,氯气是有害物质,要用纯净水	0
你是什么工作？	我是做设计的,现在辞职了,想去广州找工作	你是什么劳作？	我现在是一个小文员而已啦	1
我是广州人。	你好,我系番禺人,你系边度?	你知道我来自哪里吗？	不知道,请你明示	1
哇，这么厉害，那你的学历很高吧？	不高,大专	哇，太棒了。你没有受过高等教育吗？	没有啊,家里穷,读不起	1
我也刚吃过，你早饭吃的什么呀？	喝的胡辣汤,你呢	我也刚吃过，你早餐吃的什么呀？	鸡蛋,豆浆	3
我也很喜欢魔术，我特别喜欢大卫·科波菲尔这位魔术师。	我比较喜欢他,大卫沃顿,还有莱昂纳多	你知道我特别喜欢哪个魔术师吗？	不知道,是哪个?	2
而且我喜欢晚上一个人看呢。	我喜欢白天看,晚上我怕	你知道我什么时候一个人看吗？	我不知道啊,难道是午夜?	1
我也喜欢郭德纲的相声	老郭的相声太幽默了,而且很有哲理	我喜欢谁的相声？	这个真不知道,你说说,我听听	2
我很喜欢读泰戈尔的诗集。	是的,很喜欢,不过我更喜欢纳兰词	我喜欢读谁的诗？	不知道,你是谁?	2
嗯嗯，我还在上学，我是家里的老大，你呢，也是学生吗？	嗯,我也是学生,现在大三	咳咳咳	怎么了?你是不是也在上学呀	1
我从四岁起就开始练习打球了，直到现在，已经养成习惯了。	我从出生就开始打台球了	你知道我开始练习的时候多大了吗？	我不知道我只知道我的人生就是在打台球中度过	3
我也这么想，你在工作了吗？	还没,大四	到了吗？	我已经在这边工作了	1
没错，东北人都很爽朗，你也是东北人吗？	是啊,我沈阳的	你是哪里人？	我是辽宁鞍山的	1
好吧，那你平常应该挺清闲吧？	对啊,一天就上两三个小时的班	你每天工作多少小时？	早上8.30到晚上6.30	3
你两份工都是做什么的啊？	一份销售,一份前台接待	两份工作你都做什么？	都是前台接待,但是工作内容不一样	1
我是企划部的，就在旁边屋子。	哦哦,原来是企划的呀,幸会幸会,你是哪位美女呀	你知道我来自哪个部门吗？	这个不知道,你告诉我就知道了	1
我比较喜欢菊花，它在秋天开放太美了，秋天也是我喜欢的季节呢。	菊花也美,秋天是我的幸运季节	你知道菊花在什么季节开放吗？	我不知道,你要告诉我么?	0
你是个演员吗？	不是,我是导演	你是演员吗？	是啊!你是男主角	1
我也喜欢我有两只猫呢。	我有一只狗	我有多少只猫？	你有很多只	1
我晚上也喜欢喝一杯啤酒。	喝啤酒不长啤酒肚	你知道我喜欢什么时候喝啤酒吗？	不知道啊,你说说看	2
你喜欢吃糖啊？	对,我喜欢吃甜的	你喜欢糖吗？	我不喜欢吃甜食	2
真为你高兴，你在哪所学校教书啊，难不成跟我一样是教历史的？	我不教书,我是做生意的	喔	你呢,是做什么的,也喜欢历史吗	1
你不会还在上班吧？	是的,我还在上班	你不会还在放工吧？	没有,我早就到家了	3
我今天还发了休斯顿火箭队的照片呢，他们是我最喜欢的篮球队。	你喜欢火箭队?我喜欢湖人	你知道我最喜欢的篮球队是什么吗？	不知道,我只喜欢湖人	2
我早上喜欢做一个三明治和一杯豆浆。	三明治的话,我觉得你可以再加一杯咖啡	你知道我喜欢什么时候做三明治和一杯豆浆吗？	不知道,那是什么时候呢?	2
我养了一只三岁的狗和一只五岁的猫，它们陪我也不错	猫狗我都喜欢	你知道我养的狗多大了吗？	应该跟我差不多大	1
我今年刚成年，我是独生子女。	你爸妈也真是不容易	你知道我什么时候才是成年人吗？	你几岁了还没成年	1
我之前也是个当兵的，当了五年兵，退役了。	当兵五年了?	你知道我当兵多少年了吗？	不知道呀,我就随便问问	3
就那样，不说我了，说说你吧，你最近过得怎么样？	过得挺好的,你呢?	就这样。别提我。跟我说说你。你最近怎么样？	不好啊,没你的日子我怎么能好	3
还可以，大多时候比较空闲，你的工作会很忙吗？	嗯,挺忙的	没关系。你大部分时间都是自由的。你的工作会很忙吗？	不,我的工作很累	2
我现在最喜欢的是《夏洛特烦恼》这个电影。	夏洛特烦恼我也看过,很感动,你也喜欢夏洛?	你知道我最喜欢哪部电影吗？	不知道,说说看	2
主要是我很喜欢春节，所以跟春节有关的我也都喜欢。	那你应该喜欢中国的春节	你知道我喜欢什么节日吗？	那你说说,看看我知不知道	2
你老家是哪里的呀？	老家是山东的,你呢	你的家乡是什么？	我的家在东北松花江上啊	1
我平常工作之余就喜欢晚上散散步，你喜欢散步吗？	我喜欢在人最多的地方散步	我通常喜欢在晚上下班后散步。你不喜欢走路吗？	不喜欢,喜欢骑自行车	2
平时我喜欢自己晚上在湖边转一转。	我晚上都不敢出去	你知道我通常什么时候在湖边散步吗？	不知道,我一般晚上不出去,因为我怕	3
我今年25岁，我有一个7岁的女儿。	你在哪里,我去照顾你的孩子	你知道我什么时候有女儿吗？	不知道,你告诉我吧	3
离我挺近的，我是北京这边的。	你北京的还来这里?	你知道我来自哪个城市吗？	我不知道,你说吧	1
我是个驯兽师，我训练过20多种动物。	能告诉我你是怎么训练的么?	你知道我训练过多少种动物吗？	不清楚,但你应该是个有耐心的人	3
你的工作很神圣，除了工作你平常还有什么兴趣爱好吗？	我的兴趣爱好是养花	你的工作非常神圣。除了工作，你还有什么爱好吗？	我的爱好只有工作	2
我喜欢跑步，我最喜欢的运动是长跑，我平均每年能参加两次马拉松比赛，长跑让我拥有很惊人的耐力。	你是在哪个城市跑?	你知道我跑几次马拉松吗？	我不知道啊!我也想参加马拉松	3
你现在是做什么工作呢？	我现在在一家外企做财务,你呢?	你现在是做什么劳作呢？	我是做金融服务的,你在上海么?	1
请问你现在已经有工作了吗？	是的,我已经工作两年多了	你现在没有工作吗？	我现在还没有工作,我想问问你是不是要找工作?	1
我是家庭主妇，我有两个儿子。	有孩子很好啊	你知道我有几个儿子吗？	不知道啊,几个	1
你很喜欢日本吗？	嗯,喜欢动漫,喜欢日本的文化	你喜欢哪个国家？	没有特别喜欢的国家	2
我才十四岁呢，现在在上初中。	你是哪里的小可爱呢?	你知道我多大了吗？	你不是说你上初中吗?应该在十六七,十七岁左右吧	1
离家近还挺方便的，你多大了？	我21了,现在大二,准备实习了,实习期一个月,实习完再找工作	你所在的班级叫什么名字？	我在深圳的一个小学,龙岗中心城小学,你呢?	1
我喜欢唱歌，还喜欢看电影，我最喜欢看《阿甘正传》。	我喜欢看你喜欢的	你知道我最喜欢哪部电影吗？	你不说我怎么知道?	2
我其实也挺喜欢烹饪的，不过今天有人请客就出来了。	我也喜欢吃,但是不会做	你知道什么时候有人邀请我出来的吗？	你不说我咋知道,我又不是你肚子里的虫	3
呃，好吧，不过像大米饭或者面条这些主食你应该不会也拒绝吧？	拒绝,我不吃,我只吃菜和水果	呃，好吧，不过像大米饭或者面这些主食品你应该不会也拒绝吧？	不拒绝,不拒绝	2
你好，见到你我也很开心，你是做什么工作的？	我是做人力资源管理的,你呢?	你好，我也很高兴认识你。你是做什么的？	在网上做点生意	1
你和你爱人是怎么认识的呀？	我也不知道,她自己加我的	你和你的爱人是怎么认识的？	我和我爱人是朋友介绍的,我们都是在网上认识的,但是我们没见面	3
我妈妈是一位全职家庭主妇，照顾我和弟弟我们两个。	我妈一个人带俩	你知道我妈妈有几个孩子吗？	不知道,但是我知道她很伟大	0
小姐姐你还会跳舞啊？	对啊,我还会广场舞	小妹妹，你会跳舞吗？	我不会,你教我吧	1
我是做客服的，今天请假了。	什么客服,我也想去	你知道我什么时候请假的吗？	我只知道你要辞职了	3
是的，游泳是我最喜欢的事情，你是做什么工作的呀？	我是做人力资源的,你呢	是的，游泳是我最喜欢的事儿，你是做什么劳作的呀？	我是一个小小的技术员	1
你为什么喜欢吃素食呀？	我也不知道,就是喜欢	你为什么厌恶吃素食呀？	不讨厌,就是不喜欢	2
我是负责帮顾客推荐房子的，每天都要在门口站一天迎接顾客。	你在哪里卖房子?	你知道一周有多少天我必须站在门口迎接顾客吗？	我不知道,但是我知道你的工作是不是很辛苦?	3
我很喜欢冬天，冬天能做很多事。	能做什么事?	你知道我最喜欢什么季节吗？	秋天?	2
我是江苏人。	我是南京的,可以一起吗	你知道我来自哪里吗？	你可以先告诉我嘛	1
不过好在我喜欢吃汉堡，这种快餐随时都可以吃上。	我是个不爱吃汉堡的人,不过你是不是要跟你老公说清楚这个问题啊	你知道我最喜欢吃什么样的快餐吗？	不知道,我不喜欢快餐	2
你喜欢干什么平时？	玩游戏,逛街,看电影	你不喜欢做什么？	不喜欢逛街,太累了	2
那你已经开始勤工俭学了呀，工作地点离你家远吗？	不远,坐公交车20分钟左右吧,我已经做了一个多月了呢	坐公共汽车要多长时间？	大概要半个小时,差不多一个小时到,我坐的是慢车	3
那你现在是做什么的？	我也是学美术的,你是哪个大学毕业的?	你现在做什么？	我学的环艺	1
我不太喜欢运动，我最喜欢唱歌，我最喜欢的乐队是滚石乐队。	不喜欢运动的人都瘦	你知道我最喜欢的乐队是什么吗？	不知道啊,说说看	2
我喜欢在天气好的时候去散步还有读书，还喜欢听爱乐乐团的演奏，他们有一次演奏的摇滚风超喜欢	我喜欢听钢琴曲,也挺喜欢他们的	你知道我喜欢听什么管弦乐队吗？	不知道啊,我就知道一个贝多芬	2
那你最喜欢哪一届的奥运会开幕式呀？	我觉得最精彩的是06年的,但是最喜欢08年的	你最喜欢哪个奥运会开幕式？	04,05,06吧	2
我喜欢看爱情小说，你看小说吗？	不看,看不下去	我喜欢看爱情小说，你看小说书吗？	看言情小说	2
嘿嘿，我想问一下，你平常喜欢做些什么呀？	上班,下班,吃饭,睡觉,玩手机	嘿，嘿，我想问一下，你通常不喜欢做什么？	不喜欢玩手机,因为太无聊了	2
你有计划什么时候去吗？	我计划是10月底或者11月初,你呢?	你有计划什么时候来吗？	我想12月初去	3
那你也没什么可忙的了吧？	我忙着找工作啊	那你没事干了？	我有事啊,我在看别人找工作	3
那你在这家店里工作多长时间了？	没多久,两个多月吧	那你在这家店里劳作多长时间了？	没几天,我是新招的,还没正式上岗呢	3
嗯，我会的，难道你现在也在上大一？	大二了,马上大三了	好吧，我会的。你现在是大一新生了吗？	是啊,大一新生	1
我是河南这边的，你是哪里的？	我现在是在浙江	你现在在哪里？	我在河南,我们不远,加个微信吧	1
哦哦，那你一天工作多长时间呢？	早上8:30到12点,下午2点半到5点半	哦哦，那你一天劳作多长时间呢？	不到1个小时	3
这样啊，那你拿过最大的奖是什么呀？	全国大学生数学竞赛二等奖	这样啊，那你拿过最小的奖是什么呀？	数学类的竞赛,一次都没拿过	3
我才十八岁，必须得跟爸妈一起住。	我十八岁也和爸妈住	你知道我多大了吗？	不知道,反正不会很大吧	1
你还是个学生呀，上高几了呀？	是啊,高三了,你呢	你还是个学生。你多大了？	那你现在上什么学呀,我都上大三了	1
嗨，你是作什么的呀？	我是做设计的呀,你呢	嘿，你是做什么的？	嘿嘿,我在家里做微商的呀	1
那你是高考结束了吗？	还没有,不过快了,你是?	你完成高考了吗？	嗯,高考完了	3
我很喜欢音乐，我最喜欢的乐队就是五月天了	五迷在这里!你是新生吗	你知道我最喜欢的乐队是什么吗？	我只知道有一个乐队,叫阿信	2
你好有时间么？	有时间啊,怎么了	你好，你有时间吗？	现在没时间,有事吗?	3
非常好呀，你上过大学吗？	没有,我是初中生	很好。你上过大学吗？	我是小学生,我没上大学,我在上小学	1
我是女孩子，你现在在做什么呢？	我在找工作,你有好的建议吗?	我是个女孩。你现在在做什么？	我是女孩,我现在在上班	3
但是就是算你是个警察，你们都不下班吗？	下班了啊,我们这都是六点下班的	员工们每天几点上班？	八点上班,下午五点下班,中午两个小时吃饭	3
那你一般喜欢做些什么呢？	我喜欢的事有很多啊,看电影,看书,运动,音乐	那你一般讨厌做些什么呢？	这个太多了,什么都讨厌	2
好吧，看来你最近是挺倒霉的，你是每天都出来钓鱼吗？	是啊,我都是晚上出动的,白天太热了我受不了,而且我还近视,看不见	你什么时候出去？	我一般都是下午四点多去的	3
这会儿工作不忙？	嗯,今天休息	什么时候下班？	已经下班了哦,你呢	3
我很喜欢在重庆骑自行车的感觉。	重庆骑着骑着就成了山城,哈哈	你知道我喜欢在哪个城市骑车吗？	不知道,难道是成都?	2
是的，那你有养狗吗？	有啊,养了两只狗	你有几条狗？	我养了一只,想在领养一只	1
我喜欢去钓鱼，你是哪里人呀？	我是山东的,我也喜欢钓鱼	你是哪里人？	我是辽宁人,现在在北京工作	1
那你是不是设计过很多衣服啊？	不是,我只是做过衣服的一个分销商而已	那你是不是设计过很多服饰啊？	没有啊,只做过一个品牌	3
但我最喜欢的还是林清玄的，尤其是那个《人生最美是清欢》。	林清玄不是散文家么	你知道谁写的《生命中最美的是清欢》吗？	不造,我去看看	0
那你喜欢看什么类型的电影？	科幻,动作,恐怖,喜剧片都可以	你不喜欢什么类型的电影？	恐怖,血腥,血腥暴力的,还有恶心的	2
我没有，我刚二十岁，还在上大学。	我也20,我也还在上学	你知道我多大了吗？	我不知道,我只是想说我和你一样	1
听起来很棒，那你们都去过很多地方旅行吗？	也不多,也就去过几十个吧,也有很多地方没去过呢	你去过多少地方？	我也没数过,大概就十几个吧	3
那你最喜欢他们的哪一首音乐呢？	都喜欢,没有最喜欢	你最喜欢他们的哪种音乐？	最喜欢的话就是,我不想让你一个人吧	2
那你是不是已经生过孩子啦？	是啊,孩子都快五岁了	这孩子多大了？	我儿子三岁半,我儿子也是因为这病才有的,现在已经好的差不多了	1
我也很喜欢看电影，比如《夏洛特烦恼》这部。	这个电影我没看过,好看吗?	我喜欢什么电影？	不知道你喜欢什么,但我觉得夏洛特烦恼不怎么好看	2
我喜欢四川菜，我经常吃。	川菜,湘菜,粤菜,鲁菜,我都喜欢	你知道我喜欢什么样的食物吗？	不知道,反正我是吃货,什么都吃	2
对啊还有电视剧版的你看过吗？	没有,好看吗?	是的，有电视版。你看到了吗？	有看到,但是不知道好看不好看	3
我是女子排球队的教练，教六年级的小朋友打排球。	我是排球校队教练	你知道我是哪个队的教练吗？	你不是说你是女足吗	1
你的父母是老师啊，我也是老师，不过我是教音乐的，你喜欢音乐吗？	不喜欢,我是学医的	你的父母是老师啊，我也是老师，不过我是教音乐的，你讨厌音乐吗？	不讨厌,我挺喜欢听音乐的	2
我最喜欢的季节是冬天。	我喜欢春天和秋天,夏天太热了	你知道我最喜欢的季节是什么吗？	夏天啊,热死人了	2
我五岁学音乐呢。	我六岁学画画呢?	你知道我几岁开始学习音乐吗？	不知道,你几岁学的	3
你是在手机上面看还是在电视上看呢？	电视,家里没有电脑	对唉	我在用手机看呢,电视太小,看的不舒服	3
我是东北人，我们离得挺远的。	我在沈阳,你呢	你知道我来自中国的哪个方向吗？	我不知道,你知道么	1
我喜欢购物和我经常出去吃饭，你喜欢购物吗？	喜欢购物,但不喜欢逛街	我喜欢购物，经常出去吃饭。你喜欢购物吗？	喜欢吃饭逛街,不喜欢出去吃	2
我妈说我都快26岁了，还没个男朋友，就拉着我各种相亲。	这是要逼我去相亲的节奏嘛!才20岁的我,不想去相亲啊	你知道我被带去相亲的时候多大了吗？	不知道,多大?	1
我非常喜欢听李荣浩的歌。	模特和李白	你知道我喜欢听谁的歌吗？	你可以说说看,我猜不到	2
那真是太巧了，你现在结婚了吗？	结了,我孩子都三岁了	你的孩子多大了？	一周八个月	1
这样呀，那你是不是都没有什么兴趣爱好呀？	是啊,没什么特别想学的	你没有什么爱好吗？	喜欢的东西太多了,可是我什么都不会	2
我有两个孩子，一个两岁，一个六岁，都是需要照顾的。	你是做什么工作啊,你一个月工资多少	你知道我有几个孩子吗？	不知道,你告诉我啊	1
哦哦，你是新找工作的吗？	不是的,已经工作一年了	哦哦，你是新找劳作的吗？	嗯,新找的工作	3
那可不，不乐观还怎么生活，你有工作吗？	我是自己在家里做生意的	那可不，不乐观还怎么过活，你有劳作吗？	没有,天天在家里睡觉	1
我不辛苦，我现在是个学生，周末是在咖啡店打工的。	哦哦哦,我还以为是在国外	你知道我什么时候在咖啡馆工作吗？	不知道啊,你没告诉我啊	3
我是伊川的，你是男生还是女生呀？	我是女生,你也考洛阳师范的研究生吗?	你在哪里读研究生？	郑州科技学院,你呢?	1
谢谢你！你是什么工作的呀？	我是一名小小的文员,你呢?	谢谢你！你是什么劳作的呀？	我是开了一家小小的微店,卖衣服	1
我12岁了。	你的名字和头像,让我想起来了,一个游戏	我多大了？	我哪能知道你多大	1
我喜欢篮球呀，下班的时候就和几个好朋友一起打篮球呢。	你是哪年的,我也喜欢篮球,就是打的不太好	你知道下班后我会和朋友一起打篮球吗吗？	不知道,我是问你多大呢	3
你平时除了唱歌没有其他的爱好吗？	有啊,打篮球	你平时除了歌唱没有其他的爱好吗？	没有,平时就只唱唱歌	2
我母亲和父亲离婚了，我是我家三个男孩中年龄最大的，相帮家里分担一些压力。	那就努力做个好孩子,别学坏,你的孩子会更幸福	你知道我家有几个男孩吗？	不知道,不过我想你不会是坏孩子	1
你平时什么时间下班呢？	5点半下班	你平时什么时间放工呢？	中午11:30下班,下午15:30下班	3
你为什么那么不喜欢学校呀？	就是不喜欢,没什么理由	你为什么那么不喜欢院校呀？	学校没有想象中的那么好	2
是啊，我是经常熬夜都习惯了，你这么晚还加班啊？	没加班呀,就是睡不着	是的，我习惯熬夜。你不是还在工作到这么晚吗？	你怎么知道我工作到这会!我没说啊	3
你好有时间么？	有时间啊,怎么了	你好，你有时间吗？	你好,我没时间,我很忙的	3
我是河南人，你是哪里人呢？	河南哪里?我焦作的	他在哪里？	我们都是南阳的,他在北京	1
我是我家的老大，我有两个弟弟。	我也是,我家就我和我弟	你知道我有几个兄弟吗？	我知道你有几个姐姐	1
哇，寸土寸金的地方，你一定很有钱吧？	我穷的只剩钱了	哇，寸土寸金的地段，你一定很有钱吧？	不知道啊,我没钱,我是捡破烂的	1
那你就是喜欢摇滚类型咯？	也不是,喜欢那种有点沧桑感的	你喜欢摇滚乐？	喜欢啊,你要给我介绍?	2
我也是，我很喜欢里面主角手里的泰迪熊，我也收集了好多泰迪熊玩偶。	我也喜欢,但我更喜欢你	你知道主人公手里拿着什么动物吗？	我也不知道啊,你说	1
我也喜欢散步，我经常在傍晚的时候散步，因为我觉得那个时候让我感觉又孤独又幸福。	对啊,我喜欢在那个时间段去散步,不知道为什么	你知道我什么时候经常散步吗？	我不知道,我只知道我现在在散步	2
你也是北方人吗？	我是东北人,你呢?	你也是北方人士吗？	我是西北人,在山东	1
那你怎么不养一只陪伴你呢？	我家里有只猫,养了两年多了	这只猫在你家住了多少年了？	不到两年,去年冬天才来的我家,不过它现在已经有了自己的房子住了	1
我今年刚毕业呢，二十二岁，在医院做护士。	同22,同护士,同刚毕业,同在医院	你知道docosa的西班牙语单词是什么吗？	不知道,你学西语的?	1
我喜欢听周杰伦的歌，每天都听。	我也是,不过最近喜欢听陈奕迅的	你知道我喜欢听谁的歌吗？	不知道,难道是王力宏?	2
国庆节是我最喜欢的节日，我认为国庆节是一个特别能给人带幸运的节日。	我也不知道我为什么会喜欢这个节日	你知道我最喜欢的节日是什么吗？	难道是教师节吗	2
初次见面，想和你交个朋友，可以吗？	好啊,我是大一新生	大一是哪一年？	好吧,其实我是准大四	1
嗯，你喜欢喝苏打水吗？	我只喜欢苏打水,苏打绿	你唯一喜欢的饮料是什么？	白开水,矿泉水,茶或者咖啡,其他的都不喜欢	2
我还是个学生，在哈尔滨工业大学读书。	我也是学生,你大几的?	你知道我在哪里学习吗？	不知道,所以问你啊	1
我很喜欢休斯顿火箭队。	这是哪场啊?	你知道我喜欢哪个队吗？	湖人?	2
是呀，我也在大学里也参加了社团，是参加的围棋社团，基本都没去过，你平时喜欢户外运动吗？	喜欢啊,不过我在广州读大学	你在哪里学习？	哦,我在湖南	1
我听的《灰姑娘》啊，这几天特别喜欢听。	你听的那个我也挺喜欢的	你知道我听的那本书叫什么名字吗？	不知道啊,我一般不看书	3
我也喜欢散步，我经常在傍晚的时候散步，因为我觉得那个时候让我感觉又孤独又幸福。	对啊,我喜欢在那个时间段去散步,不知道为什么	你知道我什么时候经常散步吗？	不知道啊,什么时候	2
你好啊，吃了没？	没有呢,你吃了吗	你好啊，吃了有？	嗯呢,刚吃过	3
我喜欢喝咖啡，尝试过各种咖啡，而且我冰箱里现在就有五种不同口味的咖啡。	我最喜欢的是黑咖啡,苦死了	我冰箱里有多少种不同口味的咖啡？	不造,没数过	2
你好，你是哪儿人？	我是江苏的,你呢?	你好，你是哪儿人氏？	我是陕西的,你好	1
好吧，你是哪里人呀？	我是大河南的	你是哪里人？	我是湖北的,	1
好啊，你是做什么工作的的啊？	我是做外贸的	好啊，你是做什么劳作的的啊？	我是生产汽车轮胎的哦	1
你很喜欢跑步啊？	嗯,每天都跑	你很厌恶跑步啊？	没有厌恶啊,只是不喜欢跑步	2
是啊，你都去什么地方呢？	我现在在北京,你呢?	你在哪？	在西安,我是西安人,在西安上大学	1
我28岁了，结婚了，还有可爱的宝宝了。	你老公是不是姓王?	你知道我多大了吗？	我只知道你有个孩子	1
谢谢啊，你结婚了吗？	结婚快五年了	你结婚有多少年了？	我结婚三年了	1
我不太明白你的意思，你说的水是什么水啊？	水就是普通水,不是纯净水,纯净水是指无污染的水	我不太明白你的意思。你指的是什么水？	自来水和矿泉水	0
那你的老板为什么要和你吃饭呀？	因为他不认识我,所以请我吃饭,因为我是他朋友的朋友,就这么简单	为什么要和老板一起吃饭？	因为我是他朋友的朋友的朋友的朋友的朋友	1
我特别喜欢一个魔术师，他叫做大卫·科波菲尔。	那就去追随他吧	我喜欢的魔术师叫什么名字？	大卫弗莱迪	2
啊，你们几点下班呀？	五点半呢	啊，你什么时候下班？	五点二十呀	3
我从三岁就开始接触了芭蕾，到现在已经有20多年了。	我也想学,可是没时间,我都25了!有没有成人班	你知道我接触芭蕾舞已有多少年了吗？	不知道,但我知道你很厉害	3
我也觉得很酷，我老公特别喜欢美国队长。	我老公也喜欢	你知道美国队长来自哪个国家吗？	美国队长是谁?	0
还可以吧，对了，你是做什么工作的啊？	我在一家国企上班,一个月就三千块钱,感觉还没你开的,网店挣得,多呢	网店一个月赚多少钱？	也没多少,也就三四千吧,够自己的生活费了	1
那好吧，你是做什么工作的？	我在北京,你在哪呢	你在哪里？	我在天津,你呢	1
嗯嗯好的吧，那你平时上班在哪里吃饭啊？	在学校吃啊	你工作时经常在哪里吃饭？	我是大一的,还没有工作	1
哇，对呀，那你也是洛阳人吗？	对呀,我是洛阳的	你是哪里人？	我是郑州的呀,	1
我现在是一名护士哦，你做什么工作的呢？	我也是护士,你在哪里当护士啊	我现在是一名护士。哦，你是做什么的？	现在是在家带宝宝	1
我很喜欢在重庆骑自行车的感觉。	重庆骑着骑着就成了山城,哈哈	你知道我喜欢在哪个城市骑车吗？	我不知道啊,所以才问你呀	2
那你是什么专业毕业的啊？	土木工程啊,我都毕业两年了,现在做建筑设计	你从土木工程专业毕业花了多少年时间？	我是专科,大三实习,就毕业了	3
你已经参加过高考了呀？	嗯,我去年就参加了,然后就来了	你什么时候上的大学？	16年啊,怎么了	3
我在麦当劳工作，你是个男孩吗？	我不在麦当劳,只是去麦当劳买吃的而已,我是女生啊	你去哪里买食物了？	在肯德基,你在麦当劳做什么的啊	3
哇塞，我也喜欢猫猫，你家养了几只猫啊？	三只,都是流浪猫	哇，我也喜欢猫。你家有几只猫？	现在就一只,我在外面读书,猫在家	1
我们太有缘了吧，我也是有两个孩子，我是有两个儿子陪我。	我有一个女儿,你家也是女儿吗	你知道我有几个孩子吗？	不知道啊,难道有三个?	1
谢谢啊，你结婚了吗？	结婚快五年了	你结婚有多少年了？	我还没结婚,现在是我男朋友	1
是啊，看着非常有意思，对了，你有工作吗？	有了,我是做销售的,你是做什么的?	是的，看起来很有趣。顺便问一下，你没有工作？	我没有工作,你在哪个城市?	1
那你现在还跟你的妈妈一起做手工吗？	没有了,我现在在家带孩子,她去上班了	你现在还在和你妈妈做手工艺品吗？	嗯,是的,她现在还在做,做了好多年了	3
我就是个夜猫子，不到2点不睡的。	我每天都是一两点睡	你知道我什么时候睡觉吗？	我怎么可能知道,我又不关心你	3
我今年都已经六十多了，是一名老太太。	你真是够了,能不能不要这样	你知道我多大了吗？	不知道,我只知道,你很调皮	1
哦这样啊，那我问你你喜欢小狗吗？	不喜欢,我怕他会咬我	我问你，你喜欢狗吗？	喜欢狗,不喜欢狗咬我	2
可以呀，你最近开心什么呀？	最近不开心的太多了,你呢	噗	我也没有不开心,就是有点无聊	3
一般我会在青岛这边，我是山东的，就会比较近些。	嗯我会考虑的,谢谢	你知道我是哪里人吗？	不知道啊!难道你也是山东?	1
可以的，你叫什么啊？	我叫刘思宇,你是哪一届的啊?	你叫什么名字？	我叫李思宇	1
我32岁了，还要和妈妈住在一起	这是什么意思,你妈不让你住?	我多大了？	你妈和你住一起,你不是30么?	1
你经常看书，还是个学生吗？	是的,大三了,你呢	你经常看书，还是个学习者吗？	不是啦,就是看看书,不算是什么学习者	1
我现在24岁。	那你就可以做我女朋友了,我也24	你知道我多大了吗？	不知道,多大	1
那你吃的什么好饭啊？	就普通的家常饭,一天三顿,一顿三个馍馍	你一天吃多少个馒头？	我也不知道,有时候多有时候少	3
好吧，那你平常应该挺清闲吧？	对啊,一天就上两三个小时的班	你每天工作多少小时？	早上九点上班,晚上六点半下班	3
我最喜欢的篮球运动员是姚明。	我喜欢大姚和易建联	你知道我最喜欢的篮球运动员是谁吗？	我不知道,告诉我吧,我真的不知道	2
我都35岁了，看不出来吧，我儿子都18岁了。	你不是才21吗?怎么都有孩子了?	你知道我儿子多大了吗？	不是说21岁的时候生的儿子吗?	3
还是比较喜欢的，但是我也很喜欢读书，你多大了呀？	我是九四年的,你呢	你是哪一年来的？	你比我大,我九六年的	1
你的身体怎么啦？	我的身体不太好	你的身体怎么了？	我也不知道啊,没啥事儿啊	1
我啊，我喜欢听，我喜欢听周杰伦的歌。	我也喜欢,不过他结婚了,唉,	你知道我喜欢听谁的歌吗？	我不造,但是我造我喜欢周杰伦	2
那你现在是已经参加工作了是吧？	是的,已经工作了	那你现在是已经参加劳作了是吧？	我现在还是学生,只是提前准备	1
嗯，谢谢你的建议，你这从哪里回来的？	我从深圳回来的	谢谢你的建议。你从哪里回来的？	我从上海回来的	3
我很喜欢读泰戈尔的诗集。	是的,很喜欢,不过我更喜欢纳兰词	我喜欢读谁的诗？	我怎么知道你,我又不认识你	2
那就有点着急了呀，你爸妈没有催你吗？	催啊,不过我也没办法,毕竟我才20	你多大了？	我才19,家里人催,我也很绝望	1
我是行政助理，不过我希望五年后退休	那你现在是什么职位,我想问一下行政助理是不是要考什么证?	你知道我需要多少年才能退休吗？	你是说你现在还是实习吗,那就是你毕业后是助理了?	1
我是个程序员，现在在腾讯总部负责软件编程。	可以,我也学的计算机,不过不想干程序员	我在哪里负责软件？	我不知道你在哪里,只知道软件开发,你是在哪?	1
你们哪里有旅游地方吗？	有啊有啊,山清水秀,人杰地灵	你们有旅游景点吗？	没有,我们这里没有旅游景点	0
我是西南航空公司的飞行员，最近在休假	真的吗?能帮我联系下飞机上的空姐吗?	你知道我是哪家航空公司的飞行员吗？	不知道啊,那你告诉我	1
我没怎么关注乐队呢，你有喜欢的？	嗯,我比较喜欢他们的歌	我不太注意乐队。你喜欢吗？	没听过,什么乐队?	2
好的，那你平常都喜欢干什么呢？	我喜欢的可多了,我喜欢玩游戏,看电影,睡觉	好的，你通常喜欢做什么？	听歌,看小说	2
我没有工作呢，我家里有我姐妹四个，我是最小的。	那你现在在做什么,你父母也不知道吗,你是怎么跟他们说的	你知道我有几个姐妹吗？	不知道,我想问的是你怎么跟父母说的,我父母是不同意我们在一起的	1
那确实是挺让人烦心的，你不知道是什么原因吗？	知道,但是不知道该怎么办,我想让他回来	那确实是挺让人选烦心的，你不知道是什么缘故吗？	不知道,可能是家里的原因,但是我真的很想他	1
你喜欢什么乐器呀？	钢琴,架子鼓	你讨厌什么乐器呀？	讨厌钢琴	2
我喜欢梅西。	我也喜欢梅西	你知道我喜欢谁吗？	内马尔?	2
我从小时候后就看很喜欢读书，我现在每周最少看2本书。	看什么书呀	你知道我一周读多少本书吗？	不知道啊,我也很喜欢看书,但看的书很少	3
我还是个学生呢，周一周五还要上学。	我也是学生啊,我高二,你呢?	你知道我星期几上学吗？	不知道,星期六还是星期天呢?	3
那你听过牛奶乐队的歌吗？	听过几首,不喜欢	你听过多少首歌？	听过很多啊,都不喜欢	3
这样啊，你每天工作多长时间呢？	早上十点到晚上八点,中午一个小时休息时间	你每天工作多长时间？	每天八小时	1
我刚吃完午饭，正在看电视剧呢，笑傲江湖你看过吗？	看过,我现在在看,少年包青天	正在看这个节目的年轻人叫谁？	不知道,我都不知道我在看什么	3
我从三岁就开始接触了芭蕾，到现在已经有20多年了。	我也想学,可是没时间,我都25了!有没有成人班	你知道我接触芭蕾舞已有多少年了吗？	我只知道我从3岁开始接触芭蕾,一直到现在我都没忘记这个舞蹈	3
之前我可是个好孩子，直到我上个月毕业找到工作后才交了第一个女朋友。	然后呢,是不是该发女朋友照片了	你知道我什么时候交第一个女朋友的吗？	你都毕业一年了,不交也该交了吧	3
你老家是哪里的呀？	老家是山东的,你呢	你的家乡是什么？	我是四川的,现在在江苏	1
复仇者联盟这个系列我也很喜欢看。	你说的是复仇者联盟2吗?	你知道我喜欢什么系列的漫画书吗？	不知道啊我又不认识你	2
我喜欢里面的田晓霞。	我也喜欢啊,不过更喜欢那个大高个	你知道我喜欢里面的谁吗？	不晓得,你说嘛	2
我才十四岁呢，现在在上初中。	你是哪里的小可爱呢?	你知道我多大了吗？	不知道,反正比我小	1
我把李晨给忘了，我也挺喜欢他的。	李晨是谁?我只喜欢范爷,范冰冰	你知道我忘了谁吗？	不知道,但是我觉得肯定有人比你忘得还多	3
我还没有毕业呢，我才19岁呢。	我也还没毕业,不过我大三了	你知道我多大了吗？	我不知道你有多大,反正我是九六年的	1
我是北京本地人，现在住在北京，但我会在两个月内搬去上海。	去上海干嘛?	你知道我是哪里人吗？	你不是说你是上海人吗	1
你好呀，你是哪里的呀？	我是湖北的,你咧?	你来自哪个地区？	我是浙江的,哈哈,好远好远	1
我是企划部的，就在旁边屋子。	哦哦,原来是企划的呀,幸会幸会,你是哪位美女呀	你知道我来自哪个部门吗？	不知道呀,难道是办公室的?	1
哦，那你卖的都是什么车啊？	什么车都有,你想要什么车?	哦，你们卖什么样的车？	我不卖车我朋友是卖车,他那都是好点的车	1
我26了，你多大了？	我也26啦	你多大了？	比你大点,90年的	1
你是开卡车的吗？	嗯,卡车司机	你是开巡逻车的吗？	对的,巡逻车	1
因为我还很小，我才十六岁，很多地方不要我。	我也十六岁	你知道我多大了吗？	不知道,反正你比我大	1
那你在哪里呢，今天天气怎么样？	我在上海,天气还好	哪里天气好？	今天下雨了,有点冷	0
难道你没有和你父母在一起吗？	不在,他们在老家,我在上海	你在哪？	我在浙江,我父母也离我很远,都是独生子女,你父母不帮你吗?	1
我最喜欢的节日就是国庆节，因为假期长，我们可以尽兴的玩儿。	我们一起去旅游吧	你知道我最喜欢的节日是什么吗？	不知道,我只想陪你度过这一个美好的节日	2
我是个程序员，现在在腾讯总部负责软件编程。	可以,我也学的计算机,不过不想干程序员	我在哪里负责软件？	不清楚,我不是程序员	1
我叫姜昕，喜欢研究烹饪是个厨师。	这是我自己做的,有人喜欢吗	你知道我叫什么名字吗？	你不告诉我我怎么知道啊	1
是的，你呢做什么工作？	我在工厂里,做电子产品	是的，你呢？你是做什么的？	我在工地搬砖,你是哪里人?	1
那你有没有考虑过换一份工作呀？	我都换了好几份了	那你有没有考虑过换一份劳作呀？	我考虑过,但是我的专业性和工作性质决定了我不能换	3
你要这么长时间去干什么？	去一个陌生的地方工作,找一份适合自己的工作	这么长时间你在干什么？	我在上学呢,今年大二	3
我四岁，在读幼儿园。	我三岁半	你知道我多大了吗？	不知道,你四岁半?	1
《阿甘正传》是我最喜欢的电影。	我也爱看,还有肖申克的救赎,也是很好的电影	你知道我最喜欢的电影是什么吗？	你不说,我怎么知道,不过我看的电影比较多,所以我猜是肖申克的救赎	2
我在看综艺节目呢，最近喜欢上了一部综艺，叫欢乐喜剧人，你看过吗？	看过一期,笑的眼泪都出来了	我在看综艺节目。我最近爱上了一个叫《快乐喜剧演员》的综艺节目。你看不出来吗？	我不看娱乐节目	3
那你现在的工作一天大概几个小时？	早上8点到晚上8点,中午休息2个小时	那你现在的劳作一天大概几个钟头？	一个半小时,但是很轻松,基本没人管	3
那你打算去哪上学呢？	想去北京,但是北京学校太难考了,我成绩不好	你想去哪里？	想去天津,但是天津大学分太高了	2
你呢，你平时都喜欢做什么呀？	在家看电视,玩手机,偶尔跟朋友出去逛街	那你呢？你通常不喜欢做什么？	不喜欢逛街,不喜欢吃	2
那有点奇怪啊，你找的都是哪方面的工作啊？	我是在工厂干了4个月,然后去的人才市场,做的人事专员	你在工厂工作了几个月？	2,3个月吧	3
我今年19岁，去年刚高考完。	那你考到了哪里?	你知道我什么时候完成高考的吗？	不知道,所以才问	3
我很喜欢和我的两个孩子玩耍呢。	你也两个小孩?	你知道我有几个孩子吗？	不知道,你告诉我吧	1
嗯，你是干什么的呀？	做销售的,你呢	你是做什么的？	我是搞设计的	1
那你家养的是什么品种的宠物啊？	小仓鼠,养了三只一只死了,现在还有一只,不过不怎么会养	有多少只仓鼠？	现在是三只	1
那你喜欢什么运动？	羽毛球,乒乓球,游泳,跑步,跳绳,都可以	那你讨厌什么运动？	没有讨厌的运动,我不运动也不讨厌运动	2
我也很喜欢魔术，我特别喜欢大卫·科波菲尔这位魔术师。	我比较喜欢他,大卫沃顿,还有莱昂纳多	你知道我特别喜欢哪个魔术师吗？	约翰塞纳	2
哇，夏天这么热你也喝热水吗？	我这几天都喝的热水啊,而且喝的都很烫,不然会肚子疼	胃痛吗？	不疼,就是肚子有点涨涨的	3
你们去哪里划船啊？	就在学校附近呀	你要去哪里划船？	我去,我怎么知道,我又不会划	3
这样啊，你每天工作多长时间呢？	早上十点到晚上八点,中午一个小时休息时间	你每天工作多长时间？	我是做技术的,一天十二个小时,一个月上20天班	1
请问是你在给你的孩子招音乐老师吗？	是的,你孩子几年级?	你的孩子在几年级？	我还没有孩子呢	1
我男朋友终于答应周末一起去我看最喜欢的艺术展。	你男朋友真幸福	你知道我男朋友什么时候去看我最喜欢的艺术展的吗？	难道是今天?	3
我在看动物世界，你在干嘛呀？	看你发的贴	我在看动物世界。你在做什么？	我在看动物世界,你在干什么?	3
是的，不过我讨厌冬天。	冬天我也挺讨厌的,但是我最讨厌夏天	你知道我讨厌什么吗？	难道是讨厌热?	2
对了，你是哪里的？	我是四川的,你呢?	顺便问一下，你从哪里来的？	我从湖北来的	1
我们几乎一周去个一两次，因为我太喜欢踢足球了。	我喜欢篮球,但我喜欢看足球赛	你知道我们一周去几次吗？	不知道,我又不关注这些的	3
我会很多国家的，但我最喜欢的国家的语言是西班牙语。	西语我也会一点	你知道我最喜欢的语言是什么吗？	日语么?	2
嗯，有时间了去看看，对了你是哪里的人啊？	我是陕西西安的,你呢?	我有时间去看看。顺便问一下，你是哪里人？	我是河南周口人	1
平时都是你做饭吗？	嗯,基本上是	你通常做饭吗？	不是啊,我是想学做饭	3
你难道不喜欢她吗？	不喜欢,我有喜欢的人	你喜欢她吗？	不喜欢我还这么纠结啊?	2
我们几乎一周去个一两次，因为我太喜欢踢足球了。	我喜欢篮球,但我喜欢看足球赛	你知道我们一周去几次吗？	一周几次呀?	3
你从事这项工作多长时间了？	有一段时间了吧!怎么了?	你失业多久了？	有个两三年了吧	1
我是我家的老大，我有两个弟弟。	我也是,我家就我和我弟	你知道我有几个兄弟吗？	不知道,几个啊	1
我也挺喜欢跑步的，顺便溜溜我的两条狗。	我喜欢狗狗,我也爱跑步,可以一起	你知道我有几条狗吗？	难道是三条?	1
嗯，是的，你今年多大了？	22了,你呢?	是的，你今年多大了？	那我们差不多啊,我21	1
我是刚刚在背单词了，早上记忆力比较好。	加油,我也去背了,	你知道我什么时候记忆力好吗？	不知道哎,你说嘛	1
你好朋友，今天过的怎么样？	今天过得不错你呢	你好，朋友。今天过的怎么样？	我不太好你呢	3
你好，你多大啦？	我22,我是女汉子,你呢?	你多大了？	我比你大,我27	1
我今年已经四岁了。	四岁的小朋友好	你知道我四岁是什么时候吗？	不知道,你说说看	1
我很喜欢夜跑，尤其是喜欢听着歌跑步。	我喜欢夜骑	你知道我每天什么时候跑步吗？	不知道啊,我一般七点多去,九点回来	3
平时我喜欢自己晚上在湖边转一转。	我晚上都不敢出去	你知道我通常什么时候在湖边散步吗？	不造,难道是鬼节的时候吗	3
我喜欢晚上吃烧烤的时候，喝啤酒。	我喜欢白天喝,晚上要睡觉的	你知道我通常什么时候喝啤酒吗？	你不说我怎么会知道,你又不告诉我	3
说说你吧，你现在工作了吗？	还没毕业,不过工作已经签了	跟我说说你。你现在在工作吗？	现在在实习呢	1
你同事给你起的外号？	没有啊,我自己起的	你同事给你起的绰号？	没有同事啊	1
那还真是辛苦啊，你们周末休息吗？	不休息,一个月一天假	那还真是辛苦啊，你们周末做事吗？	周末不做啊,就是平常的工作	3
我从小时候后就看很喜欢读书，我现在每周最少看2本书。	看什么书呀	你知道我一周读多少本书吗？	不知道,你说说看	3
我18岁的时候拍了第一个电影，不过我演的是一个丫鬟。	你是什么角色	你知道我拍第一部电影的时候多大吗？	不知道,你多大	3
我也很讨厌冬天，冬天太冷了，我喜欢阳光。	那我也不喜欢冬天	你知道我讨厌什么季节吗？	你不说我不知道	2
那这么说你从小一直生活在青岛，对吗，现在是在青岛工作吗？	对,我是青岛人	所以你从小就住在青岛，不是吗？你现在在青岛工作吗？	没有工作,一直在家里	1
我就不行，我也就周末喜欢去骑骑自行车。	我是一个没有周末的人	我喜欢什么时候骑自行车？	什么时候都可以,只要有伴	2
你好呀，你吃饭了没有啊？	吃了,你吃了吗	喂，你吃过饭了吗？	没吃!我不吃	3
还真谦虚呀，打篮球的都是个子很高的，你是不是也很高呀？	我不高,才178	你有多高？	我也才175	1
我5岁还在玩泥巴呢。	我6岁就开始了	你知道我多大年纪还在玩泥巴吗？	不会比我还大吧?	3
我不去健身房，我还是喜欢骑自行车还有晨跑，周末跟朋友去爬山，要不要一起啊。	我喜欢晚上去健身,早上起不来	你知道我什么时候和朋友去远足吗？	不知道,你说了就可以了	3
是嘛，那你是要结婚了吗？	没有啊,我还没毕业呢,不急	你要结婚了吗？	我结婚了啊,孩子都一岁半了啊	1
你有很多时间玩游戏吗？	有啊,我一周玩2天,每天2小时	你一周玩几个小时？	我一个月才玩2小时	3
不过我喜欢周杰伦的歌曲。	周董的歌太老了	你知道我喜欢谁的歌吗？	不知道哎,你说来听听	2
她是个新疆人我最好的朋友，长的超级漂亮。	我喜欢新疆人	你知道她的国籍是什么吗？	不知道啊,怎么?	1
我也有了解点这方面的事情，对了，你平常有什么爱好吗？	喜欢看电视,喜欢吃,喜欢玩游戏,喜欢睡觉,喜欢发呆	我也知道一些事情。顺便问一下，你没有什么爱好吗？	我也不太清楚爱好是什么	2
我是做会计的，只要到要做账的那些月末季末我会忙一些，平时还好。	那你现在是在做吗?	会计在一个月或一个季度的什么时候可以忙碌？	我不是财务专业的,所以我不晓得	1
什么时候才给我涨工资，我都24岁了，我得攒点积蓄了。	我都26了,还是这样	你知道我多大了吗？	不知道,你又不说	1
二十四岁好像是结婚的分水岭哎，你结婚了没呀？	结婚啦,孩子都有啦	24岁似乎是婚姻的分水岭。嘿，你结婚了吗？	没有,但是有男友啊,哈哈	1
我以前是个药剂师，我在六十岁退的休，到现在已经十年了。	你的身体有什么不适吗?我是个病人,想问问你身体有哪些不适	你知道我几岁退休吗？	不知道,你说说吧	3
我平时喜欢早晨起来先运动运动。	你的运动量好大	我通常什么时候起床？	一般都是下午	3
那这么说你从小一直生活在青岛，对吗，现在是在青岛工作吗？	对,我是青岛人	所以你从小就住在青岛，不是吗？你现在在青岛工作吗？	我不在,我在外地上学	1
我从四岁起就开始练习打球了，直到现在，已经养成习惯了。	我从出生就开始打台球了	你知道我开始练习的时候多大了吗？	不知道,不过我知道我是高手	3
哇我也很希望住在哈尔滨，我很喜欢冬天的。	是呀,冬天的哈尔滨很美的哦	我希望住在哪里？	你想住哪里	2
我妈说我都快26岁了，还没个男朋友，就拉着我各种相亲。	这是要逼我去相亲的节奏嘛!才20岁的我,不想去相亲啊	你知道我被带去相亲的时候多大了吗？	多大啊,有没有比我大	1
你来这里是旅游的还是？	我是来这边工作的	是的，我面前是深棕色的。也有人这么说。你到底是不是在旅行？	我不是旅游,但是也算不上是工作,我是在这边定居的	3
你也是独生子女吗？	嗯,是的,而且我也不打算生二胎,因为我觉得生孩子好痛苦的!哈哈哈	一个女人要生几个孩子？	我觉得两个差不多了	2
主要是我很喜欢春节，所以跟春节有关的我也都喜欢。	那你应该喜欢中国的春节	你知道我喜欢什么节日吗？	不知道啊,你说呗	2
那你是学这个专业的吗？	不是,我学的是会计电算化	你学这个专业吗？	嗯是呀,怎么啦	1
为什么说本来，你现在毕业了吗？	还没有,明年毕业	你什么时候毕业？	我大二,还有一年半	3
我是在加油站做出纳的，今天很忙。	出纳是做什么的?	你知道什么时候很忙吗？	我不知道,但我知道我们今天挺闲的	3
看来你是真的很喜欢当老师呀，你平时业余时间都喜欢做什么？	我业余时间做的唰单,一个月也就四五千	看来你是真的很喜欢当老师呀，你平时业余时间都讨厌做什么？	做唰单	1
练瑜伽真是一个不错的选择，难怪你身材那么好，皮肤也很好，你练了多久啊？	我练了两年多	你练了多少年？	我才一年半,不过已经有一些基础了,所以我想继续练下去	3
那比我的孙子大呢，我孙子才八岁。	比我儿子大,我儿子六岁啦,你孙子八岁啦	你知道我的孙子多大了吗？	我不知道哎,你说呗	0
我是家庭主妇，我有两个儿子。	有孩子很好啊	你知道我有几个儿子吗？	我怎么会知道你有几个孩子	1
那你呢，吃饭了没有啊？	吃过了,在上班	那你呢？你吃过了吗？	还没呢,还在上班,等会就去吃	3
你刚刚在看什么电视节目啊？	一个叫中国好男儿的节目,是个选秀节目	这个节目叫什么？	你百度一下中国好声音吧,我也不知道,反正是选秀的	3
经常有人这么说，我从事公关工作，俺是山东人，你是哪儿的人啊？	我是四川成都人	人们常说我是搞公关的。我来自山东。你从哪里来的？	我也不知道我到底来自哪里,可能我是天上的仙女吧	1
我今年已经四岁了。	四岁的小朋友好	你知道我四岁是什么时候吗？	你说我就知道啊	1
我也是哦，你今年多大了啊？	我都21了,你呢	你多大了？	我比你大呢,我都26了,呵呵,你在上学吗	1
我十五岁了，正在上高中。	我也是,你在哪里上高中	你知道我多大了吗？	我不知道啊,你多大	1
我虽然没有兄弟姐妹，但我有三只猫，还喜欢去国外旅游。	我有两只猫	你知道我有多少只猫吗？	三只?两只英短,一只美短?	1
是啊，你平时除了注重健康以外，你都有什么爱好呀？	喜欢看书,看电影,听音乐	是的，除了注意健康，你没有什么爱好吗？	没有什么特别喜欢的爱好,你呢?平时喜欢做什么?	2
难道你很穷吗？	不穷,但也不富有,一般般吧	你穷吗？	我穷呀,怎么了	1
你买的这个车花了多少钱呀？	这个车是朋友送我的,我没花钱	你买这辆车花了多少钱？	这个不是我的车,不清楚啊	0
我是在销售部上班的。	销售部?	你知道我在哪个部门工作吗？	不知道,你在哪里工作啊?	1
我最喜欢的乐队是披头士乐队，我特别特别喜欢这个乐队的风格。	披头士不是死了吗	你知道我最喜欢的乐队是什么吗？	不知道,我只知道披头士的歌很好听	2
我喜欢贝克汉姆。	贝克汉姆是谁呀?	你知道我喜欢谁吗？	不知道?谁呀	2
你早餐都吃些什么啊？	一个鸡蛋,一杯豆浆	你早餐吃什么？	早餐不吃,吃了对身体不好,早餐我就吃了点燕麦片,喝了一杯黑咖啡	3
美女啊，我今年都奔三了，那你多大了？	我也奔三	对唉	好吧,那我比你大,我奔四	1
这样啊，那你们一般放假吗？	放假啊,一个月放两天	嗯，你通常有假期吗？	有啊,我每个星期一天假啊	3
喜欢呀，你会不会打篮球呢？	不会,我喜欢打羽毛球	是的，你会打篮球吗？	会一点点,我是菜鸟	1
那你平时喜欢看什么书呀？	我喜欢看的书太多了,最近看张爱玲的书比较多	你通常喜欢读什么书？	最近喜欢看张小娴的书	2
你在学校还是在工作？	我在学校,我是大二的,你了?是学姐还是学长?	你所在的班级叫什么名字？	我在实习,不在学校	3
我很喜欢邓紫棋，买了她好多电子专辑，现在有几首单曲循环呢。	喜欢,不为谁而作的歌	你知道我非常喜欢谁吗？	我怎么会知道!你又不告诉我	2
那你妹妹喜欢跳舞吗？	她说不喜欢	你妹妹喜欢跳舞吗？	她喜欢跳舞,但不喜欢我	2
我从十岁起就开始演戏了，从跑龙套开始。	我也演过	你知道我开始演戏的时候多大了吗？	我不知道,不过我现在18,我是12岁开始演的	3
你好，吃早饭了吗？	吃了,吃了两个面包	你吃了多少面包？	吃了五个	3
你是在手机上面看还是在电视上看呢？	电视,家里没有电脑	对唉	你也是用手机看吗?	3
咱俩同岁呀，你是干啥的呀？	我是打工的,你呢	我们同龄。你是做什么的？	你做生意的吧,我是在家看孩子的	1
哦哦，那你一天工作多长时间呢？	早上8:30到12点,下午2点半到5点半	哦哦，那你一天劳作多长时间呢？	不知道,没算过,应该有8,9个小时吧,反正是很忙的	3
我是经商的，有自己的一个小商铺，你呢？	我是开了个小网店,一月也有个三四千收入	你一月份挣了多少钱？	不太多,一个月也就八九千	1
我四岁，在读幼儿园。	我三岁半	你知道我多大了吗？	不知道,反正比我大	1
对啊还有电视剧版的你看过吗？	没有,好看吗?	是的，有电视版。你看到了吗？	看到了,但是感觉和电影没多大区别,还是小说好	3
这是什么癖好，我1米8了，你多高了呢？	我也一米八	欸	其实是一米九	1
你说的很对，你是参加工作了吗？	是啊,去年毕业的	你说得对。你不工作吗？	我现在在读研啊,还有一年半就毕业了	1
《阿甘正传》是我最喜欢的电影。	我也爱看,还有肖申克的救赎,也是很好的电影	你知道我最喜欢的电影是什么吗？	不知道,说说呗	2
那你也算抓住了先机啦，你现在是只忙工作，别的什么也不做吗？	是啊,只做工作	那你就有了第一次机会。你忙着工作，你什么都做吗？	那是当然,不过不可能什么都不做啊	3
下午好，你是哪里人呀？	河南,你呢?	你住的城市叫什么名字？	我是河北邯郸的,我在北京工作呀,你在哪个城市?	1
你好，你现在是做什么工作的？	我现在在一家小企业上班,做业务	你好，你现在做什么？	我现在做的是金融,投资这一块	1
我喜欢晚上吃烧烤的时候，喝啤酒。	我喜欢白天喝,晚上要睡觉的	你知道我通常什么时候喝啤酒吗？	不知道,你说了我就知道了	3
现在不早了，你晚饭吃了吗？	吃了,在上晚自习	现在很晚了。你吃过晚饭了吗？	我还没吃,刚到家	3
我也喜欢狗，而且我还养了两只。	什么狗啊,在哪儿买的	你知道我有几条狗吗？	不知道啊,怎么了?	1
不是吧，你都多大了，还喜欢那个？	我都快三十了,我就是想不通	你多大了？	26了,马上27,你呢?	1
这就对了，你有爱好吗？	爱好啊,我的爱好就是没有爱好	这是正确的。你有爱好吗？	我爱好你	2
不会吧，你们两个不是相互那啥吗？	他有女朋友,他女朋友知道我喜欢他	不，你们两个不是互相认识吗？	我和他不认识	3
我喜欢在周末骑自行车。	我也喜欢啊,你是哪的	你知道我什么时候喜欢骑自行车吗？	你不说我怎么知道,你说说	2
你现在是做什么工作呢？	我现在在一家外企做财务,你呢?	你现在是做什么劳作呢？	我现在做行政文员	1
你是开卡车的吗？	嗯,卡车司机	你是开巡逻车的吗？	嗯,开的就是巡逻车	1
那你在这家店里工作多长时间了？	没多久,两个多月吧	那你在这家店里劳作多长时间了？	那就不多了,我都在这店里工作三年了	3
我非常喜欢在业余时间看一看日本动漫。	你是不是喜欢日漫?	我喜欢哪个国家的动漫？	这个我可不知道,你自己心里最清楚	2
怎么了，你平常不玩吗？	是啊,不玩游戏	怎么了你不是经常玩吗？	没有啊,偶尔玩	3
我很喜欢艺术，我最喜欢的艺术家是杨丽萍，我觉得她很有气质。	杨丽萍老师很厉害啊,可惜不知道是哪个省的人,她是不是很出名啊	你知道谁是我最喜欢的艺术家吗？	我不知道,你可以告诉我吗	2
我是甘肃人，你是哪里的？	甘肃庆阳西峰	我来自甘肃。你从哪里来的？	从四川过来的	1
请问你是做什么工作的？	我做设计的,你呢?	请问你是做什么劳作的？	在家,无业游民	1
你不会还在上班吧？	是的,我还在上班	你不会还在放工吧？	没有了,已经回家了	3
那还不错，能稍微放松一下，你多大了啊就有孩子了？	我是86年的孩子都快两岁了	你多大了？	我90年的,孩子三岁了	1
那你准备毕业之后做什么工作啊？	不知道啊,还不知道能不能毕业呢	好哦	我现在就在上班,我想辞职,我感觉我不适合做这个,我学不到东西	3
咱俩同岁呀，你是干啥的呀？	我是打工的,你呢	我们同龄。你是做什么的？	我是开小超市的	1
我家孩子太小了，不能养动物，我们以前养了只叫大福的金毛猎犬，感情挺深的，不舍得卖，你看大哥你家能养吗？	我有两条萨摩了,不想在养了	你有多少萨摩斯？	一只萨摩一只金毛	1
我喜欢玩王者荣耀，难道你也喜欢玩游戏吗？	玩了几天,不爱玩了,我还是喜欢玩单机	我喜欢扮演荣耀之王。你也喜欢玩游戏吗？	不喜欢,玩过几天,不爱玩	2
是的，不过我讨厌冬天。	冬天我也挺讨厌的,但是我最讨厌夏天	你知道我讨厌什么吗？	我不知道,你可以告诉我	2
我也挺喜欢动物的，不过我很喜欢马，以前跟朋友去内蒙古玩的时候学活骑马。	是吗?我很小的时候就会骑啦	你知道我在哪里学骑马的吗？	不知道,你在哪里啊	3
我是山东德州这边的人。	你好,你是哪个市里,我是德州夏津人	你知道我来自哪个国家吗？	不知道啊,是哪国	1
我也刚吃过，你早饭吃的什么呀？	喝的胡辣汤,你呢	我也刚吃过，你早餐吃的什么呀？	我早上不吃东西的	3
我是在电影院上班的，已经工作四年了。	工作好做吗	你知道我在电影院工作了多少年吗？	不知道,你多大了?	3
当然可以呀，我特别爱听rap，你听说过吗？	听过啊,不过我最喜欢的歌是我不愿让你一个人,听了好几年了	当然我喜欢说唱。你听说过吗？	没有,我听的歌很少的	3
我26了，你呢？	我也26了	呦	真的,我89年的	1
河北廊坊的，你呢？	我去,你也河北的啊?	你是哪里人？	石家庄,你是廊坊的?	1
我不太喜欢玩游戏，你喜欢养宠物吗？	以前养过两只狗,后来死了,再后来也就没养了	你养了多少条狗？	一只,死了后我就发誓不在养了	3
那你有来过海南这边吗？	没有,我都不知道在哪	你去过海南吗？	我现在就在三亚啊	3
我是河北石家庄的。	河北保定的,我有同学是石家庄的	你知道我来自哪个城市吗？	不知道,但我相信你是河北的	1
在那里做义工的就只有你一个人吗？	不是,我们这里有很多人,但是我们的义工只做了一个多月	在那里做义工的就只有你一个人选吗？	对的,因为我们这里的义工是自愿的	1
嗯嗯好的吧，那你平时上班在哪里吃饭啊？	在学校吃啊	你工作时经常在哪里吃饭？	我还没工作啊,我才大四	1
我最喜欢的节日就是国庆节，因为假期长，我们可以尽兴的玩儿。	我们一起去旅游吧	你知道我最喜欢的节日是什么吗？	我不知道,但我希望是一个能和心爱的人一起度过的节日	2
我是上海人，你是哪里人啊？	我是河南的,在上海上学的	你来自哪个省？	安徽省的,你呢	1
那你平常都喜欢看哪个电影啊？	喜欢看的电影很多啊,但最喜欢的就是,肖申克的救赎了	你最喜欢哪部电影？	这个嘛,有点多了	2
近几年没有生过什么大病，你是做什么工作的啊？	我是一个小职员	我最近几年没有重病。你是做什么的？	我在家呆了三年了,今年打算上班	1
是呀，你也是学生呀？	对啊,在成都上学呢,你呢	你在哪里上学？	我在重庆上学,你大几了?	1
我9岁了，上三年级了。	我才三岁,我是个孩子	你知道我的年级是多少吗？	你不是才上五年级吗?	1
哇我也很希望住在哈尔滨，我很喜欢冬天的。	是呀,冬天的哈尔滨很美的哦	我希望住在哪里？	那就要问你自己咯	2
我很喜欢夜跑，尤其是喜欢听着歌跑步。	我喜欢夜骑	你知道我每天什么时候跑步吗？	不造,反正我不在	3
还是你比较有见解呢，那你是从事什么工作的呢？	哈哈,我是做财务的,你呢?在做什么工作呢?	还是你更有洞察力？你是做什么的？	我现在做的是行政	1
那你应该跑得很快吧？	没有没有,我就是一个小短腿,跑的不快	那你应该快跑？	对啊!跑的很快	1
我很喜欢艺术，我最喜欢的艺术家是杨丽萍，我觉得她很有气质。	杨丽萍老师很厉害啊,可惜不知道是哪个省的人,她是不是很出名啊	你知道谁是我最喜欢的艺术家吗？	我只知道有一个叫李娜的艺术家,很有实力	2
是的啊，那你呢，你现在在做什么呢？	在上海做点小生意	你在哪个城市有小生意？	我在杭州,你呢?做什么?	1
你平常都喜欢干些什么呀？	平时没事的时候就打理打理网,店,一个月也能拿3,4千,嘿嘿	你每月能拿到多少钱？	额,四五千吧	3
我现在喜欢养鸟，鹦鹉啄木鸟，每天早上起来喂喂食，听听鸟叫。	我有一只玄凤	你知道我什么时候起床喂鸟，听鸟叫吗？	不知道,我是六点半喂	3
那你在学校的学习成绩怎么样呢？	不好,所以我才去韩国留学	你在哪里学习？	我在山东济南,你呢	3
